num,day,period,code,met,clo,COMFORT,PREFERENCE,day_time.x,status_fan,sensor,FC,setpoint,week,d2,day_factor,day_time.y,Tar,RH
1,2022-01-10T00:00:00Z,M,BS81,1.1,0.5,1,-1,2022-01-10T10:16:00Z,0,20589718,1,23,1,1,01/10,2022-01-10T10:16:00Z,26.65,59.59
2,2022-01-10T00:00:00Z,M,AA80,1.1,0.58,1,0,2022-01-10T10:19:00Z,0,20589718,1,23,1,1,01/10,2022-01-10T10:16:00Z,26.65,59.59
3,2022-01-10T00:00:00Z,M,MCL82,1.1,0.5,1,-1,2022-01-10T10:23:00Z,0,20589718,1,23,1,1,01/10,2022-01-10T10:21:00Z,25.89,61.35
4,2022-01-10T00:00:00Z,M,GA84,1.1,0.8799999999999999,1,1,2022-01-10T10:36:00Z,0,20589755,2,23,1,1,01/10,2022-01-10T10:33:00Z,25.96,63.57
5,2022-01-10T00:00:00Z,M,FOC75,1.1,0.5,1,0,2022-01-10T10:38:00Z,0,20589755,2,23,1,1,01/10,2022-01-10T10:38:00Z,25.26,63.79
6,2022-01-10T00:00:00Z,M,RBJ82,1.58,0.58,1,0,2022-01-10T10:48:00Z,0,20589762,2,23,1,1,01/10,2022-01-10T10:48:00Z,26.74,64.67
7,2022-01-10T00:00:00Z,M,CA01,1.1,0.5,2,0,2022-01-10T11:57:00Z,0,20589707,1,23,1,1,01/10,2022-01-10T11:56:00Z,24.44,69.56
8,2022-01-10T00:00:00Z,T,GHF60,1.1,0.5,1,-1,2022-01-10T15:08:00Z,0,20589718,1,23,1,1,01/10,2022-01-10T15:06:00Z,24.8,65.33
9,2022-01-10T00:00:00Z,T,ELG65,1.1,0.5,1,0,2022-01-10T15:11:00Z,0,20589707,1,23,1,1,01/10,2022-01-10T15:11:00Z,24.39,67.75
10,2022-01-10T00:00:00Z,T,MCL82,1.1,0.5,1,-1,2022-01-10T15:27:00Z,0,20589718,1,23,1,1,01/10,2022-01-10T15:26:00Z,24.87,66.11
11,2022-01-10T00:00:00Z,T,BS81,1.1,0.5,1,-1,2022-01-10T15:31:00Z,0,20589718,1,23,1,1,01/10,2022-01-10T15:31:00Z,24.82,66.33
12,2022-01-10T00:00:00Z,T,CAD82,1.1,0.58,-1,-1,2022-01-10T15:33:00Z,0,20589732,2,23,1,1,01/10,2022-01-10T15:29:00Z,23.59,73.44
13,2022-01-10T00:00:00Z,T,CAD82,1.1,0.58,-1,-1,2022-01-10T15:40:00Z,0,20589732,2,23,1,1,01/10,2022-01-10T15:39:00Z,23.81,75.44
14,2022-01-10T00:00:00Z,T,RBJ82,1.58,0.5,1,0,2022-01-10T16:12:00Z,0,20589762,2,23,1,1,01/10,2022-01-10T16:08:00Z,23.45,77.64
15,2022-01-10T00:00:00Z,T,LR80,1.1,0.58,-1,-1,2022-01-10T16:23:00Z,0,20589718,1,23,1,1,01/10,2022-01-10T16:21:00Z,24.63,67.04
16,2022-01-10T00:00:00Z,T,AA80,1.1,0.58,1,0,2022-01-10T16:32:00Z,0,20589718,1,23,1,1,01/10,2022-01-10T16:31:00Z,24.6,68.33
17,2022-01-10T00:00:00Z,T,LR80,1.1,0.58,-1,-1,2022-01-10T17:07:00Z,0,20589718,1,23,1,1,01/10,2022-01-10T17:06:00Z,24.8,67.38
18,2022-01-10T00:00:00Z,T,BS81,1.1,0.5,1,-1,2022-01-10T17:08:00Z,0,20589718,1,23,1,1,01/10,2022-01-10T17:06:00Z,24.8,67.38
19,2022-01-10T00:00:00Z,T,CAD82,1.1,0.58,-1,-1,2022-01-10T17:15:00Z,0,20589732,2,23,1,1,01/10,2022-01-10T17:14:00Z,23.47,80.64
20,2022-01-10T00:00:00Z,T,MCL82,1.1,0.5,2,0,2022-01-10T17:16:00Z,0,20589718,1,23,1,1,01/10,2022-01-10T17:16:00Z,24.8,68.63
21,2022-01-10T00:00:00Z,T,GHF60,1.1,0.5,1,0,2022-01-10T17:20:00Z,0,20589718,1,23,1,1,01/10,2022-01-10T17:16:00Z,24.8,68.63
22,2022-01-10T00:00:00Z,T,PMC78,1.1,0.58,1,-1,2022-01-10T17:25:00Z,0,20589728,1,23,1,1,01/10,2022-01-10T17:24:00Z,25.67,65.58
23,2022-01-10T00:00:00Z,T,RBJ82,1.1,0.5,1,0,2022-01-10T17:27:00Z,0,20589762,2,23,1,1,01/10,2022-01-10T17:23:00Z,23.54,76.54
24,2022-01-11T00:00:00Z,M,ELG65,1.1,0.5,2,0,2022-01-11T07:09:00Z,0,20589707,1,23,1,1,01/11,2022-01-11T07:06:00Z,25.14,69.19
25,2022-01-11T00:00:00Z,M,BS81,1.1,0.5,1,-1,2022-01-11T08:46:00Z,0,20589718,1,23,1,1,01/11,2022-01-11T08:46:00Z,24.68,72.12
26,2022-01-11T00:00:00Z,M,LR80,1.1,0.5,1,-1,2022-01-11T08:47:00Z,0,20589718,1,23,1,1,01/11,2022-01-11T08:46:00Z,24.68,72.12
27,2022-01-11T00:00:00Z,M,SBP62,1.1,0.5,2,0,2022-01-11T08:40:00Z,0,20589744,2,23,1,1,01/11,2022-01-11T08:40:00Z,23.35,78.44
28,2022-01-11T00:00:00Z,M,AA80,1.1,0.34,1,0,2022-01-11T08:40:00Z,0,20589718,1,23,1,1,01/11,2022-01-11T08:36:00Z,24.51,73.95
29,2022-01-11T00:00:00Z,M,MCL82,1.58,0.5,1,-1,2022-01-11T08:50:00Z,0,20589718,1,23,1,1,01/11,2022-01-11T08:46:00Z,24.68,72.12
30,2022-01-11T00:00:00Z,M,PMC78,1.1,0.58,1,-1,2022-01-11T08:55:00Z,0,20589728,1,23,1,1,01/11,2022-01-11T08:54:00Z,25.11,71.88
32,2022-01-11T00:00:00Z,M,RBJ82,1.58,0.5,2,0,2022-01-11T09:03:00Z,0,20589762,2,23,1,1,01/11,2022-01-11T09:03:00Z,22.44,67.04
33,2022-01-11T00:00:00Z,M,GA84,1.1,0.5,1,0,2022-01-11T09:17:00Z,0,20589755,2,23,1,1,01/11,2022-01-11T09:13:00Z,22.85,76.2
34,2022-01-11T00:00:00Z,M,CAD82,1.1,0.58,-1,-1,2022-01-11T09:19:00Z,0,20589732,2,23,1,1,01/11,2022-01-11T09:19:00Z,22.82,77.56
35,2022-01-11T00:00:00Z,M,SBP62,1.1,0.5,-1,1,2022-01-11T10:20:00Z,0,20589744,2,23,1,1,01/11,2022-01-11T10:20:00Z,23.14,79.91
36,2022-01-11T00:00:00Z,T,SO94,1.1,0.5,1,0,2022-01-11T12:43:00Z,0,20589707,1,23,1,1,01/11,2022-01-11T12:41:00Z,24.34,66.33
37,2022-01-11T00:00:00Z,T,LR80,1.1,0.5,1,-1,2022-01-11T13:06:00Z,0,20589718,1,23,1,1,01/11,2022-01-11T13:06:00Z,24.32,64.38
38,2022-01-11T00:00:00Z,T,ELG65,1.58,0.5,2,0,2022-01-11T13:09:00Z,0,20589707,1,23,1,1,01/11,2022-01-11T13:06:00Z,24.1,64.26
41,2022-01-11T00:00:00Z,T,PMC78,1.58,0.58,1,-1,2022-01-11T13:10:00Z,0,20589728,1,23,1,1,01/11,2022-01-11T13:09:00Z,25.36,64.18
42,2022-01-11T00:00:00Z,T,MD82,1.1,0.44999999999999996,-1,-1,2022-01-11T13:26:00Z,0,20589746,2,23,1,1,01/11,2022-01-11T13:24:00Z,23.4,76.9
43,2022-01-11T00:00:00Z,T,AA80,1.1,0.34,1,0,2022-01-11T13:41:00Z,0,20589718,1,23,1,1,01/11,2022-01-11T13:41:00Z,24.6,69.46
44,2022-01-11T00:00:00Z,T,GA84,1.58,0.5,1,0,2022-01-11T13:53:00Z,0,20589755,2,23,1,1,01/11,2022-01-11T13:53:00Z,23.59,73.46
45,2022-01-11T00:00:00Z,T,FOC75,1.58,0.5,1,0,2022-01-11T13:54:00Z,0,20589755,2,23,1,1,01/11,2022-01-11T13:53:00Z,23.59,73.46
46,2022-01-11T00:00:00Z,T,RBJ82,1.58,0.5,1,0,2022-01-11T14:12:00Z,0,20589762,2,23,1,1,01/11,2022-01-11T14:08:00Z,23.33,77.56
47,2022-01-11T00:00:00Z,T,AFS63,1.58,0.5,-1,-1,2022-01-11T14:17:00Z,0,20589755,2,23,1,1,01/11,2022-01-11T14:13:00Z,23.76,74.73
48,2022-01-11T00:00:00Z,T,RAB82,1.1,0.5,1,-1,2022-01-11T14:39:00Z,0,20589711,2,23,1,1,01/11,2022-01-11T14:38:00Z,24.94,67.21
49,2022-01-11T00:00:00Z,T,MCL82,1.1,0.5,1,-1,2022-01-11T14:41:00Z,0,20589718,1,23,1,1,01/11,2022-01-11T14:41:00Z,24.58,67.58
50,2022-01-11T00:00:00Z,T,AC92,1.1,0.5,2,-1,2022-01-11T14:42:00Z,0,20589707,1,23,1,1,01/11,2022-01-11T14:41:00Z,24.39,67.6
51,2022-01-11T00:00:00Z,T,JR78,1.58,0.5,2,-1,2022-01-11T14:47:00Z,0,20589711,2,23,1,1,01/11,2022-01-11T14:43:00Z,24.46,71.83
52,2022-01-11T00:00:00Z,T,SBP62,1.1,0.5,1,1,2022-01-11T14:50:00Z,0,20589744,2,23,1,1,01/11,2022-01-11T14:50:00Z,23.71,76.39
53,2022-01-11T00:00:00Z,T,BS81,1.58,0.5,-1,-1,2022-01-11T14:51:00Z,0,20589718,1,23,1,1,01/11,2022-01-11T14:51:00Z,24.68,67.87
54,2022-01-11T00:00:00Z,T,PMC78,1.1,0.58,1,-1,2022-01-11T16:13:00Z,0,20589728,1,23,1,1,01/11,2022-01-11T16:09:00Z,25.57,64.75
55,2022-01-11T00:00:00Z,T,FOC75,1.1,0.5,1,0,2022-01-11T16:16:00Z,0,20589755,2,23,1,1,01/11,2022-01-11T16:13:00Z,24.12,72.41
56,2022-01-11T00:00:00Z,T,MCL82,1.1,0.5,1,0,2022-01-11T16:16:00Z,0,20589718,1,23,1,1,01/11,2022-01-11T16:16:00Z,24.6,65.41
57,2022-01-11T00:00:00Z,T,ELG65,1.1,0.5,1,0,2022-01-11T16:16:00Z,0,20589707,1,23,1,1,01/11,2022-01-11T16:16:00Z,24.39,66.33
58,2022-01-11T00:00:00Z,T,AA80,1.58,0.34,1,0,2022-01-11T16:17:00Z,0,20589718,1,23,1,1,01/11,2022-01-11T16:16:00Z,24.6,65.41
59,2022-01-11T00:00:00Z,T,BS81,1.1,0.5,-1,-1,2022-01-11T16:19:00Z,0,20589718,1,23,1,1,01/11,2022-01-11T16:16:00Z,24.6,65.41
60,2022-01-11T00:00:00Z,T,LR80,1.1,0.5,1,-1,2022-01-11T16:20:00Z,0,20589718,1,23,1,1,01/11,2022-01-11T16:16:00Z,24.6,65.41
61,2022-01-11T00:00:00Z,T,SBP62,1.1,0.5,1,1,2022-01-11T16:25:00Z,0,20589744,2,23,1,1,01/11,2022-01-11T16:25:00Z,23.71,69.6
62,2022-01-11T00:00:00Z,T,CAD82,1.1,0.58,-1,-1,2022-01-11T16:27:00Z,0,20589732,2,23,1,1,01/11,2022-01-11T16:24:00Z,23.64,70.43
63,2022-01-11T00:00:00Z,T,AC92,1.1,0.5,1,0,2022-01-11T16:31:00Z,0,20589707,1,23,1,1,01/11,2022-01-11T16:31:00Z,24.07,64.26
64,2022-01-11T00:00:00Z,T,JR78,1.1,0.5,2,-1,2022-01-11T16:31:00Z,0,20589711,2,23,1,1,01/11,2022-01-11T16:28:00Z,23.47,71.51
65,2022-01-11T00:00:00Z,T,AFS63,1.1,0.5,2,0,2022-01-11T16:37:00Z,0,20589755,2,23,1,1,01/11,2022-01-11T16:33:00Z,23.76,71.19
66,2022-01-11T00:00:00Z,T,GA84,1.1,0.5,1,0,2022-01-11T16:43:00Z,0,20589755,2,23,1,1,01/11,2022-01-11T16:43:00Z,23.79,73.78
67,2022-01-11T00:00:00Z,T,MD82,1.1,0.44999999999999996,1,-1,2022-01-11T16:49:00Z,0,20589746,2,23,1,1,01/11,2022-01-11T16:49:00Z,23.33,75.1
69,2022-01-11T00:00:00Z,T,SO94,1.1,0.5,1,0,2022-01-11T17:00:00Z,0,20589707,1,23,1,1,01/11,2022-01-11T16:56:00Z,24.27,69.73
70,2022-01-11T00:00:00Z,T,FOC75,1.1,0.5,1,0,2022-01-11T17:28:00Z,0,20589755,2,23,1,1,01/11,2022-01-11T17:28:00Z,23.79,71.88
71,2022-01-12T00:00:00Z,M,LR80,1.1,0.5,1,-1,2022-01-12T08:59:00Z,0,20589718,1,23,1,2,01/12,2022-01-12T08:56:00Z,24.75,67.11
72,2022-01-12T00:00:00Z,M,JR78,1.1,0.5,1,-1,2022-01-12T08:52:00Z,0,20589711,2,23,1,2,01/12,2022-01-12T08:48:00Z,23.21,73.07
73,2022-01-12T00:00:00Z,M,SBP62,1.1,0.5,1,0,2022-01-12T08:53:00Z,0,20589744,2,23,1,2,01/12,2022-01-12T08:50:00Z,23.4,72.34
74,2022-01-12T00:00:00Z,M,CAD82,1.1,0.58,-1,-1,2022-01-12T08:54:00Z,0,20589732,2,23,1,2,01/12,2022-01-12T08:54:00Z,23.47,73.1
75,2022-01-12T00:00:00Z,M,GA84,1.1,0.5,1,0,2022-01-12T08:55:00Z,0,20589755,2,23,1,2,01/12,2022-01-12T08:53:00Z,23.5,71.95
76,2022-01-12T00:00:00Z,M,RAB82,1.1,0.5,2,0,2022-01-12T08:55:00Z,0,20589711,2,23,1,2,01/12,2022-01-12T08:53:00Z,23.18,74.27
77,2022-01-12T00:00:00Z,M,AFS63,1.1,0.5,1,-1,2022-01-12T08:57:00Z,0,20589755,2,23,1,2,01/12,2022-01-12T08:53:00Z,23.5,71.95
78,2022-01-12T00:00:00Z,M,PMC78,1.1,0.58,1,-1,2022-01-12T09:25:00Z,0,20589728,1,23,1,2,01/12,2022-01-12T09:24:00Z,25.21,67.5
79,2022-01-12T00:00:00Z,M,ELG65,1.1,0.5,1,0,2022-01-12T09:35:00Z,0,20589707,1,23,1,2,01/12,2022-01-12T09:31:00Z,24.6,63.35
80,2022-01-12T00:00:00Z,M,MCL82,1.1,0.5,1,-1,2022-01-12T09:55:00Z,0,20589718,1,23,1,2,01/12,2022-01-12T09:51:00Z,24.7,64.94
81,2022-01-12T00:00:00Z,M,CA01,1.1,0.5,1,0,2022-01-12T09:55:00Z,0,20589707,1,23,1,2,01/12,2022-01-12T09:51:00Z,24.48,64.75
82,2022-01-12T00:00:00Z,M,AA80,1.58,0.44999999999999996,1,0,2022-01-12T10:21:00Z,0,20589718,1,23,1,2,01/12,2022-01-12T10:21:00Z,24.65,65.43
83,2022-01-12T00:00:00Z,M,BS81,1.58,0.5,1,-1,2022-01-12T10:31:00Z,0,20589718,1,23,1,2,01/12,2022-01-12T10:31:00Z,24.75,66.75
84,2022-01-12T00:00:00Z,M,MD82,1.1,0.44999999999999996,-1,-1,2022-01-12T10:46:00Z,0,20589746,2,23,1,2,01/12,2022-01-12T10:44:00Z,23.74,77.12
85,2022-01-12T00:00:00Z,M,RBJ82,1.1,0.5,1,0,2022-01-12T10:46:00Z,0,20589762,2,23,1,2,01/12,2022-01-12T10:43:00Z,23.91,79.47
86,2022-01-12T00:00:00Z,M,FOC75,1.1,0.5,1,0,2022-01-12T10:50:00Z,0,20589755,2,23,1,2,01/12,2022-01-12T10:48:00Z,24.1,73.75
87,2022-01-12T00:00:00Z,M,LR80,1.1,0.5,2,0,2022-01-12T11:30:00Z,1,20589718,1,23,1,2,01/12,2022-01-12T11:26:00Z,24.73,67.6
88,2022-01-12T00:00:00Z,M,BS81,1.1,0.5,1,0,2022-01-12T11:30:00Z,1,20589718,1,23,1,2,01/12,2022-01-12T11:26:00Z,24.73,67.6
89,2022-01-12T00:00:00Z,M,SO94,1.1,0.5,2,0,2022-01-12T11:11:00Z,1,20589707,1,23,1,2,01/12,2022-01-12T11:11:00Z,24.63,65.77
90,2022-01-12T00:00:00Z,M,FOC75,1.1,0.5,1,0,2022-01-12T11:14:00Z,0,20589755,2,23,1,2,01/12,2022-01-12T11:13:00Z,23.79,78.22
91,2022-01-12T00:00:00Z,M,CA01,1.1,0.5,1,0,2022-01-12T11:14:00Z,1,20589707,1,23,1,2,01/12,2022-01-12T11:11:00Z,24.63,65.77
92,2022-01-12T00:00:00Z,M,AFS63,1.1,0.5,2,0,2022-01-12T11:14:00Z,0,20589755,2,23,1,2,01/12,2022-01-12T11:13:00Z,23.79,78.22
93,2022-01-12T00:00:00Z,M,RBJ82,1.1,0.5,1,0,2022-01-12T11:15:00Z,1,20589762,2,23,1,2,01/12,2022-01-12T11:13:00Z,23.86,79.79
94,2022-01-12T00:00:00Z,M,ELG65,1.1,0.5,2,0,2022-01-12T11:24:00Z,1,20589707,1,23,1,2,01/12,2022-01-12T11:21:00Z,24.65,67.75
95,2022-01-12T00:00:00Z,M,SBP62,1.1,0.5,1,0,2022-01-12T11:39:00Z,1,20589744,2,23,1,2,01/12,2022-01-12T11:35:00Z,24.1,79.32
96,2022-01-12T00:00:00Z,M,RAB82,1.1,0.5,1,-1,2022-01-12T11:40:00Z,0,20589711,2,23,1,2,01/12,2022-01-12T11:38:00Z,24.77,77.27
97,2022-01-12T00:00:00Z,M,CAD82,1.1,0.58,1,-1,2022-01-12T11:42:00Z,1,20589732,2,23,1,2,01/12,2022-01-12T11:39:00Z,25.38,73.9
98,2022-01-12T00:00:00Z,M,JR78,1.1,0.5,1,-1,2022-01-12T11:44:00Z,0,20589711,2,23,1,2,01/12,2022-01-12T11:43:00Z,24.85,75.51
99,2022-01-12T00:00:00Z,M,MD82,1.58,0.44999999999999996,-1,-1,2022-01-12T11:51:00Z,0,20589746,2,23,1,2,01/12,2022-01-12T11:49:00Z,23.93,74.98
100,2022-01-12T00:00:00Z,T,AFS63,1.58,0.5,-1,-1,2022-01-12T14:01:00Z,1,20589755,2,23,1,2,01/12,2022-01-12T13:58:00Z,23.52,79
101,2022-01-12T00:00:00Z,T,JR78,1.1,0.5,1,-1,2022-01-12T15:30:00Z,0,20589711,2,23,1,2,01/12,2022-01-12T15:28:00Z,24.73,73.95
102,2022-01-12T00:00:00Z,T,AA80,1.1,0.44999999999999996,1,0,2022-01-12T15:31:00Z,0,20589718,1,23,1,2,01/12,2022-01-12T15:31:00Z,24.73,66.8
103,2022-01-12T00:00:00Z,T,MCL82,1.1,0.5,2,0,2022-01-12T15:31:00Z,1,20589718,1,23,1,2,01/12,2022-01-12T15:31:00Z,24.73,66.8
104,2022-01-12T00:00:00Z,T,FOC75,1.1,0.5,1,0,2022-01-12T15:39:00Z,0,20589755,2,23,1,2,01/12,2022-01-12T15:38:00Z,23.93,73
105,2022-01-12T00:00:00Z,T,PSG63,1.1,0.5,2,0,2022-01-12T15:43:00Z,1,20589759,2,23,1,2,01/12,2022-01-12T15:42:00Z,24.75,71.39
106,2022-01-12T00:00:00Z,T,GA84,1.1,0.5,1,1,2022-01-12T15:46:00Z,0,20589755,2,23,1,2,01/12,2022-01-12T15:43:00Z,23.93,71.12
107,2022-01-12T00:00:00Z,T,RBJ82,1.58,0.5,2,0,2022-01-12T15:48:00Z,1,20589762,2,23,1,2,01/12,2022-01-12T15:48:00Z,24.07,67.99
108,2022-01-12T00:00:00Z,T,BS81,1.58,0.5,-1,-1,2022-01-12T15:58:00Z,1,20589718,1,23,1,2,01/12,2022-01-12T15:56:00Z,24.48,63.96
109,2022-01-12T00:00:00Z,T,LR80,1.1,0.5,1,0,2022-01-12T15:34:00Z,1,20589718,1,23,1,2,01/12,2022-01-12T15:31:00Z,24.73,66.8
110,2022-01-12T00:00:00Z,T,PMC78,1.1,0.58,2,0,2022-01-12T16:02:00Z,1,20589728,1,23,1,2,01/12,2022-01-12T15:59:00Z,25.55,63.18
111,2022-01-12T00:00:00Z,T,CAD82,1.1,0.58,1,-1,2022-01-12T16:11:00Z,1,20589732,2,23,1,2,01/12,2022-01-12T16:09:00Z,24.58,72.31
112,2022-01-12T00:00:00Z,T,AFS63,1.1,0.5,2,0,2022-01-12T16:57:00Z,0,20589755,2,23,1,2,01/12,2022-01-12T16:53:00Z,23.64,75
113,2022-01-12T00:00:00Z,T,MD82,1.58,0.44999999999999996,1,-1,2022-01-12T17:02:00Z,0,20589746,2,23,1,2,01/12,2022-01-12T16:59:00Z,23.47,76.32
114,2022-01-12T00:00:00Z,T,FOC75,1.1,0.5,1,0,2022-01-12T17:18:00Z,0,20589755,2,23,1,2,01/12,2022-01-12T17:18:00Z,23.98,73.34
115,2022-01-13T00:00:00Z,M,SO94,1.1,0.5,1,0,2022-01-13T07:10:00Z,1,20589707,1,24,1,2,01/13,2022-01-13T07:06:00Z,25.16,69.02
116,2022-01-13T00:00:00Z,M,ELG65,1.1,0.5,2,0,2022-01-13T07:57:00Z,1,20589707,1,24,1,2,01/13,2022-01-13T07:56:00Z,24.12,70.63
117,2022-01-13T00:00:00Z,M,FOC75,1.58,0.5,1,0,2022-01-13T09:04:00Z,1,20589755,2,24,1,2,01/13,2022-01-13T09:03:00Z,24.36,68.68
118,2022-01-13T00:00:00Z,M,SH76,1.1,0.29,1,-1,2022-01-13T09:49:00Z,0,20589718,1,24,1,2,01/13,2022-01-13T09:46:00Z,24.75,68.31
119,2022-01-13T00:00:00Z,M,MD82,1.1,0.5,1,-1,2022-01-13T10:10:00Z,0,20589746,2,24,1,2,01/13,2022-01-13T10:09:00Z,24.17,68.16
120,2022-01-13T00:00:00Z,M,SBP62,1.1,0.5,2,0,2022-01-13T10:10:00Z,1,20589744,2,24,1,2,01/13,2022-01-13T10:10:00Z,24.6,70.29
121,2022-01-13T00:00:00Z,M,AA80,1.58,0.34,1,0,2022-01-13T10:11:00Z,0,20589718,1,24,1,2,01/13,2022-01-13T10:11:00Z,24.39,64.7
122,2022-01-13T00:00:00Z,M,GA84,1.1,0.44999999999999996,1,0,2022-01-13T10:11:00Z,0,20589755,2,24,1,2,01/13,2022-01-13T10:08:00Z,24.7,67.31
123,2022-01-13T00:00:00Z,M,AFS63,1.1,0.5,1,0,2022-01-13T10:12:00Z,0,20589755,2,24,1,2,01/13,2022-01-13T10:08:00Z,24.7,67.31
124,2022-01-13T00:00:00Z,M,SO94,1.1,0.5,1,0,2022-01-13T10:13:00Z,1,20589707,1,24,1,2,01/13,2022-01-13T10:11:00Z,24.27,64.14
125,2022-01-13T00:00:00Z,M,RBJ82,1.58,0.5,1,0,2022-01-13T10:14:00Z,0,20589762,2,24,1,2,01/13,2022-01-13T10:13:00Z,24.15,68.14
126,2022-01-13T00:00:00Z,M,MCL82,1.1,0.5,2,0,2022-01-13T10:15:00Z,1,20589718,1,24,1,2,01/13,2022-01-13T10:11:00Z,24.39,64.7
127,2022-01-13T00:00:00Z,M,CA01,1.1,0.5,2,0,2022-01-13T10:16:00Z,0,20589707,1,24,1,2,01/13,2022-01-13T10:16:00Z,24.22,63.92
128,2022-01-13T00:00:00Z,M,ELG65,1.1,0.5,2,0,2022-01-13T10:22:00Z,1,20589707,1,24,1,2,01/13,2022-01-13T10:21:00Z,24.17,63.94
129,2022-01-13T00:00:00Z,M,PSG63,1.1,0.5,1,0,2022-01-13T10:24:00Z,1,20589759,2,24,1,2,01/13,2022-01-13T10:22:00Z,24.58,67.94
130,2022-01-13T00:00:00Z,M,FOC75,1.1,0.5,1,0,2022-01-13T10:32:00Z,0,20589755,2,24,1,2,01/13,2022-01-13T10:28:00Z,24.7,65.65
131,2022-01-13T00:00:00Z,M,BS81,1.58,0.5,1,0,2022-01-13T10:32:00Z,1,20589718,1,24,1,2,01/13,2022-01-13T10:31:00Z,24.36,66.04
132,2022-01-13T00:00:00Z,M,PMC78,1.1,0.58,2,0,2022-01-13T10:39:00Z,1,20589728,1,24,1,2,01/13,2022-01-13T10:39:00Z,25.62,65.11
134,2022-01-13T00:00:00Z,T,JR78,1.58,0.5,1,-1,2022-01-13T13:19:00Z,0,20589711,2,24,1,2,01/13,2022-01-13T13:18:00Z,24.65,65.11
135,2022-01-13T00:00:00Z,T,SBP62,1.1,0.5,2,0,2022-01-13T14:40:00Z,1,20589744,2,24,1,2,01/13,2022-01-13T14:40:00Z,25.04,63.72
136,2022-01-13T00:00:00Z,T,AA80,1.58,0.34,1,0,2022-01-13T14:40:00Z,0,20589718,1,24,1,2,01/13,2022-01-13T14:36:00Z,24.82,64.36
137,2022-01-13T00:00:00Z,T,BS81,1.1,0.5,1,0,2022-01-13T14:40:00Z,0,20589718,1,24,1,2,01/13,2022-01-13T14:36:00Z,24.82,64.36
139,2022-01-13T00:00:00Z,T,FOC75,1.1,0.5,1,0,2022-01-13T14:41:00Z,0,20589755,2,24,1,2,01/13,2022-01-13T14:38:00Z,24.94,62.6
140,2022-01-13T00:00:00Z,T,ELG65,1.1,0.5,2,0,2022-01-13T14:46:00Z,1,20589707,1,24,1,2,01/13,2022-01-13T14:46:00Z,24.73,67.82
141,2022-01-13T00:00:00Z,T,JR78,1.1,0.5,1,-1,2022-01-13T14:46:00Z,0,20589711,2,24,1,2,01/13,2022-01-13T14:43:00Z,24.75,65.14
143,2022-01-13T00:00:00Z,T,PSG63,1.58,0.5,2,0,2022-01-13T14:47:00Z,1,20589759,2,24,1,2,01/13,2022-01-13T14:47:00Z,24.73,66.06
144,2022-01-13T00:00:00Z,T,GA84,1.1,0.44999999999999996,1,0,2022-01-13T14:48:00Z,0,20589755,2,24,1,2,01/13,2022-01-13T14:48:00Z,25.06,65.33
145,2022-01-13T00:00:00Z,T,CAD82,1.1,0.58,1,-1,2022-01-13T14:49:00Z,1,20589732,2,24,1,2,01/13,2022-01-13T14:49:00Z,25.21,64.82
146,2022-01-13T00:00:00Z,T,SH76,1.1,0.29,1,-1,2022-01-13T14:50:00Z,1,20589718,1,24,1,2,01/13,2022-01-13T14:46:00Z,25.02,67.24
147,2022-01-13T00:00:00Z,T,MD82,1.1,0.5,-1,-1,2022-01-13T14:51:00Z,0,20589746,2,24,1,2,01/13,2022-01-13T14:49:00Z,24.32,68.09
149,2022-01-13T00:00:00Z,T,RBJ82,1.1,0.5,1,0,2022-01-13T15:13:00Z,0,20589762,2,24,1,2,01/13,2022-01-13T15:13:00Z,24.56,66.31
150,2022-01-13T00:00:00Z,T,AFS63,1.58,0.5,1,-1,2022-01-13T15:18:00Z,0,20589755,2,24,1,2,01/13,2022-01-13T15:18:00Z,25.16,64.99
151,2022-01-13T00:00:00Z,T,AFS63,1.1,0.5,-1,-1,2022-01-13T16:34:00Z,0,20589755,2,24,1,2,01/13,2022-01-13T16:33:00Z,25.14,62.06
152,2022-01-13T00:00:00Z,T,AA80,1.58,0.29,1,1,2022-01-13T16:34:00Z,0,20589718,1,24,1,2,01/13,2022-01-13T16:31:00Z,24.8,63.45
153,2022-01-13T00:00:00Z,T,CAD82,1.1,0.58,1,-1,2022-01-13T16:34:00Z,1,20589732,2,24,1,2,01/13,2022-01-13T16:34:00Z,25.16,61.77
154,2022-01-13T00:00:00Z,T,SBP62,1.1,0.5,1,0,2022-01-13T16:35:00Z,1,20589744,2,24,1,2,01/13,2022-01-13T16:35:00Z,25.09,63.96
155,2022-01-13T00:00:00Z,T,BS81,1.1,0.5,1,0,2022-01-13T16:35:00Z,1,20589718,1,24,1,2,01/13,2022-01-13T16:31:00Z,24.8,63.45
156,2022-01-13T00:00:00Z,T,FOC75,1.1,0.5,1,0,2022-01-13T16:37:00Z,0,20589755,2,24,1,2,01/13,2022-01-13T16:33:00Z,25.14,62.06
157,2022-01-13T00:00:00Z,T,SH76,1.1,0.29,1,0,2022-01-13T16:38:00Z,0,20589718,1,24,1,2,01/13,2022-01-13T16:36:00Z,24.8,63.53
158,2022-01-13T00:00:00Z,T,RBJ82,1.1,0.5,1,0,2022-01-13T16:39:00Z,0,20589762,2,24,1,2,01/13,2022-01-13T16:38:00Z,24.44,62.92
159,2022-01-13T00:00:00Z,T,PSG63,1.1,0.5,1,-1,2022-01-13T16:40:00Z,1,20589759,2,24,1,2,01/13,2022-01-13T16:37:00Z,24.8,62.92
160,2022-01-13T00:00:00Z,T,JR78,1.1,0.5,1,-1,2022-01-13T16:41:00Z,1,20589711,2,24,1,2,01/13,2022-01-13T16:38:00Z,24.82,62.18
161,2022-01-13T00:00:00Z,T,GA84,1.1,0.44999999999999996,1,0,2022-01-13T16:56:00Z,0,20589755,2,24,1,2,01/13,2022-01-13T16:53:00Z,25.14,61.79
162,2022-01-13T00:00:00Z,T,MD82,1.1,0.44999999999999996,-1,-1,2022-01-13T17:11:00Z,0,20589746,2,24,1,2,01/13,2022-01-13T17:09:00Z,24.22,63.28
163,2022-01-13T00:00:00Z,T,SO94,1.1,0.5,1,0,2022-01-13T17:36:00Z,1,20589707,1,24,1,2,01/13,2022-01-13T17:36:00Z,24.41,64.11
165,2022-01-14T00:00:00Z,M,ELG65,1.1,0.5,2,0,2022-01-14T07:19:00Z,1,20589707,1,25,1,3,01/14,2022-01-14T07:16:00Z,25.38,67.97
166,2022-01-14T00:00:00Z,M,AA80,1.58,0.34,1,0,2022-01-14T09:37:00Z,0,20589718,1,25,1,3,01/14,2022-01-14T09:36:00Z,24.36,64.23
169,2022-01-14T00:00:00Z,M,JR78,1.1,0.5,1,-1,2022-01-14T09:41:00Z,0,20589711,2,25,1,3,01/14,2022-01-14T09:38:00Z,24.53,63.92
170,2022-01-14T00:00:00Z,M,PSG63,1.1,0.5,2,0,2022-01-14T09:41:00Z,1,20589759,2,25,1,3,01/14,2022-01-14T09:37:00Z,24.73,63.48
171,2022-01-14T00:00:00Z,M,SH76,1.1,0.44999999999999996,2,0,2022-01-14T09:43:00Z,0,20589718,1,25,1,3,01/14,2022-01-14T09:41:00Z,24.36,64.06
172,2022-01-14T00:00:00Z,M,MCL82,1.1,0.5,2,0,2022-01-14T09:43:00Z,1,20589718,1,25,1,3,01/14,2022-01-14T09:41:00Z,24.36,64.06
173,2022-01-14T00:00:00Z,M,BS81,1.58,0.5,1,0,2022-01-14T09:45:00Z,0,20589718,1,25,1,3,01/14,2022-01-14T09:41:00Z,24.36,64.06
174,2022-01-14T00:00:00Z,M,BC83,1.1,0.5,-1,-1,2022-01-14T09:46:00Z,0,20589762,2,25,1,3,01/14,2022-01-14T09:43:00Z,24.07,64.38
175,2022-01-14T00:00:00Z,M,CAD82,1.1,0.58,1,-1,2022-01-14T09:48:00Z,1,20589732,2,25,1,3,01/14,2022-01-14T09:44:00Z,24.8,64.36
176,2022-01-14T00:00:00Z,M,CA01,1.1,0.5,2,0,2022-01-14T09:51:00Z,0,20589707,1,25,1,3,01/14,2022-01-14T09:51:00Z,24.39,67.02
177,2022-01-14T00:00:00Z,M,GA84,1.1,0.8799999999999999,1,0,2022-01-14T09:54:00Z,0,20589755,2,25,1,3,01/14,2022-01-14T09:53:00Z,24.68,64.97
178,2022-01-14T00:00:00Z,M,ELG65,1.1,0.5,2,0,2022-01-14T10:06:00Z,1,20589707,1,25,1,3,01/14,2022-01-14T10:06:00Z,24.58,69.56
179,2022-01-14T00:00:00Z,M,AXO82,1.1,0.5,1,0,2022-01-14T10:06:00Z,0,20589746,2,25,1,3,01/14,2022-01-14T10:04:00Z,24.34,69.26
180,2022-01-14T00:00:00Z,M,CSB82,1.1,0.5,1,0,2022-01-14T10:21:00Z,0,20589764,2,25,1,3,01/14,2022-01-14T10:20:00Z,24.94,65.94
181,2022-01-14T00:00:00Z,M,SO94,1.1,0.5,1,0,2022-01-14T10:25:00Z,1,20589707,1,25,1,3,01/14,2022-01-14T10:21:00Z,24.63,67.6
182,2022-01-14T00:00:00Z,M,RBJ82,1.58,0.5,1,0,2022-01-14T10:26:00Z,0,20589762,2,25,1,3,01/14,2022-01-14T10:23:00Z,24.36,67.46
183,2022-01-14T00:00:00Z,M,MD82,1.1,0.5,1,-1,2022-01-14T10:26:00Z,0,20589746,2,25,1,3,01/14,2022-01-14T10:24:00Z,24.41,67.31
184,2022-01-14T00:00:00Z,M,MK63,1.1,0.5,1,0,2022-01-14T10:27:00Z,0,20589746,2,25,1,3,01/14,2022-01-14T10:24:00Z,24.41,67.31
185,2022-01-14T00:00:00Z,M,JH72,1.1,0.5,1,0,2022-01-14T10:32:00Z,0,20589711,2,25,1,3,01/14,2022-01-14T10:28:00Z,24.73,66.09
186,2022-01-14T00:00:00Z,M,SBP62,1.1,0.5,2,0,2022-01-14T10:37:00Z,1,20589744,2,25,1,3,01/14,2022-01-14T10:35:00Z,25.02,67.11
187,2022-01-14T00:00:00Z,M,RS68,1.1,0.5,2,0,2022-01-14T10:41:00Z,0,20589711,2,25,1,3,01/14,2022-01-14T10:38:00Z,24.75,65.82
188,2022-01-14T00:00:00Z,T,PMC78,1.1,0.58,2,0,2022-01-14T13:15:00Z,1,20589728,1,25,1,3,01/14,2022-01-14T13:14:00Z,25.77,62.67
189,2022-01-14T00:00:00Z,T,RS68,1.1,0.5,2,0,2022-01-14T14:47:00Z,0,20589711,2,25,1,3,01/14,2022-01-14T14:43:00Z,24.92,66.72
190,2022-01-14T00:00:00Z,T,SH76,1.1,0.44999999999999996,2,0,2022-01-14T14:48:00Z,0,20589718,1,25,1,3,01/14,2022-01-14T14:46:00Z,24.97,65.31
191,2022-01-14T00:00:00Z,T,SBP62,1.1,0.5,2,0,2022-01-14T14:48:00Z,1,20589744,2,25,1,3,01/14,2022-01-14T14:45:00Z,25.21,66.06
192,2022-01-14T00:00:00Z,T,AA80,1.58,0.34,1,0,2022-01-14T14:52:00Z,0,20589718,1,25,1,3,01/14,2022-01-14T14:51:00Z,24.92,63.79
193,2022-01-14T00:00:00Z,T,LR80,1.1,0.5,1,0,2022-01-14T14:52:00Z,1,20589718,1,25,1,3,01/14,2022-01-14T14:51:00Z,24.92,63.79
194,2022-01-14T00:00:00Z,T,CSB82,1.1,0.5,1,-1,2022-01-14T14:52:00Z,0,20589764,2,25,1,3,01/14,2022-01-14T14:50:00Z,25.26,64.04
195,2022-01-14T00:00:00Z,T,PSG63,1.58,0.5,1,-1,2022-01-14T14:53:00Z,1,20589759,2,25,1,3,01/14,2022-01-14T14:52:00Z,25.02,66.19
196,2022-01-14T00:00:00Z,T,JH72,1.1,0.5,2,0,2022-01-14T14:57:00Z,1,20589711,2,25,1,3,01/14,2022-01-14T14:53:00Z,24.94,65.6
197,2022-01-14T00:00:00Z,T,MK63,1.1,0.5,1,0,2022-01-14T14:58:00Z,0,20589746,2,25,1,3,01/14,2022-01-14T14:54:00Z,24.63,66.8
198,2022-01-14T00:00:00Z,T,GA84,1.1,0.44999999999999996,1,0,2022-01-14T15:01:00Z,0,20589755,2,25,1,3,01/14,2022-01-14T14:58:00Z,25.11,65.43
199,2022-01-14T00:00:00Z,T,ELG65,1.1,0.5,2,0,2022-01-14T15:09:00Z,1,20589707,1,25,1,3,01/14,2022-01-14T15:06:00Z,24.82,64.6
200,2022-01-14T00:00:00Z,T,PMC78,1.1,0.58,2,0,2022-01-14T15:15:00Z,1,20589728,1,25,1,3,01/14,2022-01-14T15:14:00Z,25.94,61.62
201,2022-01-14T00:00:00Z,T,MCL82,1.1,0.5,2,0,2022-01-14T15:15:00Z,1,20589718,1,25,1,3,01/14,2022-01-14T15:11:00Z,24.92,64.43
202,2022-01-14T00:00:00Z,T,MD82,1.1,0.5,1,0,2022-01-14T15:37:00Z,0,20589746,2,25,1,3,01/14,2022-01-14T15:34:00Z,24.7,65.38
203,2022-01-14T00:00:00Z,T,CAD82,1.1,0.58,1,-1,2022-01-14T15:50:00Z,1,20589732,2,25,1,3,01/14,2022-01-14T15:49:00Z,25.21,63.31
204,2022-01-14T00:00:00Z,T,BS81,1.1,0.5,1,0,2022-01-14T16:03:00Z,0,20589718,1,25,1,3,01/14,2022-01-14T16:01:00Z,24.99,63.06
205,2022-01-14T00:00:00Z,T,SO94,1.1,0.5,2,0,2022-01-14T16:42:00Z,1,20589707,1,25,1,3,01/14,2022-01-14T16:41:00Z,24.73,65.65
206,2022-01-14T00:00:00Z,T,SBP62,1.1,0.5,2,0,2022-01-14T16:45:00Z,1,20589744,2,25,1,3,01/14,2022-01-14T16:45:00Z,25.11,64.23
208,2022-01-14T00:00:00Z,T,RBJ82,1.58,0.5,1,0,2022-01-14T16:45:00Z,0,20589762,2,25,1,3,01/14,2022-01-14T16:43:00Z,24.7,63.99
209,2022-01-14T00:00:00Z,T,LR80,1.1,0.5,1,0,2022-01-14T16:46:00Z,1,20589718,1,25,1,3,01/14,2022-01-14T16:46:00Z,24.94,64.79
210,2022-01-14T00:00:00Z,T,CSB82,1.1,0.5,1,0,2022-01-14T16:46:00Z,0,20589764,2,25,1,3,01/14,2022-01-14T16:45:00Z,25.28,62.13
211,2022-01-14T00:00:00Z,T,AA80,1.58,0.34,1,0,2022-01-14T16:46:00Z,0,20589718,1,25,1,3,01/14,2022-01-14T16:46:00Z,24.94,64.79
212,2022-01-14T00:00:00Z,T,JH72,1.1,0.5,2,0,2022-01-14T16:47:00Z,1,20589711,2,25,1,3,01/14,2022-01-14T16:43:00Z,24.92,63.33
213,2022-01-14T00:00:00Z,T,GA84,1.1,0.44999999999999996,1,0,2022-01-14T16:49:00Z,0,20589755,2,25,1,3,01/14,2022-01-14T16:48:00Z,25.14,63.55
215,2022-01-14T00:00:00Z,T,PSG63,1.1,0.5,2,0,2022-01-14T16:49:00Z,1,20589759,2,25,1,3,01/14,2022-01-14T16:47:00Z,25.09,63.48
216,2022-01-14T00:00:00Z,T,GHF60,1.1,0.5,1,-1,2022-01-14T16:52:00Z,1,20589718,1,25,1,3,01/14,2022-01-14T16:51:00Z,24.99,64.92
217,2022-01-14T00:00:00Z,T,BS81,1.1,0.5,1,0,2022-01-14T16:52:00Z,0,20589718,1,25,1,3,01/14,2022-01-14T16:51:00Z,24.99,64.92
218,2022-01-14T00:00:00Z,T,JR78,1.1,0.5,1,-1,2022-01-14T16:57:00Z,1,20589711,2,25,1,3,01/14,2022-01-14T16:53:00Z,24.87,63.82
219,2022-01-14T00:00:00Z,T,MK63,1.1,0.5,1,0,2022-01-14T17:01:00Z,0,20589746,2,25,1,3,01/14,2022-01-14T16:59:00Z,24.6,65.33
220,2022-01-14T00:00:00Z,T,BC83,1.1,0.5,-1,-1,2022-01-14T17:03:00Z,0,20589762,2,25,1,3,01/14,2022-01-14T17:03:00Z,24.68,64.79
221,2022-01-14T00:00:00Z,T,PMC78,1.1,0.58,2,0,2022-01-14T17:56:00Z,1,20589728,1,25,1,3,01/14,2022-01-14T17:54:00Z,25.94,63.23
222,2022-01-17T00:00:00Z,M,JH72,1.1,0.5,2,0,2022-01-17T08:46:00Z,1,20589711,2,25,2,3,01/17,2022-01-17T08:43:00Z,25.4,62.4
223,2022-01-17T00:00:00Z,M,MK63,1.1,0.5,1,-1,2022-01-17T08:46:00Z,0,20589746,2,25,2,3,01/17,2022-01-17T08:44:00Z,25.02,62.26
224,2022-01-17T00:00:00Z,M,SH76,1.1,0.29,2,0,2022-01-17T08:48:00Z,1,20589718,1,25,2,3,01/17,2022-01-17T08:46:00Z,25.26,65.26
227,2022-01-17T00:00:00Z,M,SBP62,1.58,0.5,1,0,2022-01-17T08:52:00Z,1,20589744,2,25,2,3,01/17,2022-01-17T08:50:00Z,25.55,65.09
228,2022-01-17T00:00:00Z,M,LR80,1.1,0.5,1,-1,2022-01-17T08:53:00Z,1,20589718,1,25,2,3,01/17,2022-01-17T08:51:00Z,25.26,64.31
229,2022-01-17T00:00:00Z,M,RS68,1.1,0.5,1,-1,2022-01-17T08:54:00Z,1,20589711,2,25,2,3,01/17,2022-01-17T08:53:00Z,25.38,63.06
230,2022-01-17T00:00:00Z,M,CA01,1.1,0.5,2,0,2022-01-17T09:05:00Z,1,20589707,1,25,2,3,01/17,2022-01-17T09:01:00Z,25.57,62.52
231,2022-01-17T00:00:00Z,M,CAD82,1.1,0.58,-1,-1,2022-01-17T09:05:00Z,1,20589732,2,25,2,3,01/17,2022-01-17T09:04:00Z,25.82,59.91
232,2022-01-17T00:00:00Z,M,MD82,1.1,0.29,-2,-1,2022-01-17T09:05:00Z,1,20589746,2,25,2,3,01/17,2022-01-17T09:04:00Z,25.02,62.96
233,2022-01-17T00:00:00Z,M,ELG65,1.1,0.5,2,0,2022-01-17T09:10:00Z,1,20589707,1,25,2,3,01/17,2022-01-17T09:06:00Z,25.53,62.92
234,2022-01-17T00:00:00Z,M,GA84,1.58,0.58,1,0,2022-01-17T09:15:00Z,0,20589755,2,25,2,3,01/17,2022-01-17T09:13:00Z,25.7,62.55
235,2022-01-17T00:00:00Z,M,JR78,1.1,0.5,1,-1,2022-01-17T09:16:00Z,1,20589711,2,25,2,3,01/17,2022-01-17T09:13:00Z,25.43,62.5
236,2022-01-17T00:00:00Z,M,AFS63,1.58,0.5,1,0,2022-01-17T09:18:00Z,0,20589755,2,25,2,3,01/17,2022-01-17T09:18:00Z,25.72,62.72
237,2022-01-17T00:00:00Z,M,BS81,1.58,0.5,-1,-1,2022-01-17T09:22:00Z,1,20589718,1,25,2,3,01/17,2022-01-17T09:21:00Z,25.4,63.96
238,2022-01-17T00:00:00Z,M,PSG63,1.1,0.5,1,-1,2022-01-17T09:24:00Z,1,20589759,2,25,2,3,01/17,2022-01-17T09:22:00Z,25.48,63.43
239,2022-01-17T00:00:00Z,M,AD03,1.1,0.5,2,0,2022-01-17T09:38:00Z,1,20589718,1,25,2,3,01/17,2022-01-17T09:36:00Z,25.55,65.28
240,2022-01-17T00:00:00Z,M,AD03,1.1,0.5,2,0,2022-01-17T09:38:00Z,1,20589718,1,25,2,3,01/17,2022-01-17T09:36:00Z,25.55,65.28
241,2022-01-17T00:00:00Z,M,AJG81,1.1,0.5,2,0,2022-01-17T09:48:00Z,1,20589718,1,25,2,3,01/17,2022-01-17T09:46:00Z,25.6,65.11
242,2022-01-17T00:00:00Z,M,PMC78,1.1,0.58,2,0,2022-01-17T10:17:00Z,1,20589728,1,25,2,3,01/17,2022-01-17T10:14:00Z,26.48,63.65
243,2022-01-17T00:00:00Z,T,ELG65,1.1,0.5,2,0,2022-01-17T12:38:00Z,1,20589707,1,25,2,3,01/17,2022-01-17T12:36:00Z,25.87,59.67
244,2022-01-17T00:00:00Z,T,CSB82,1.1,0.5,1,-1,2022-01-17T14:22:00Z,1,20589764,2,25,2,3,01/17,2022-01-17T14:20:00Z,26.67,57.13
245,2022-01-17T00:00:00Z,T,SBP62,1.1,0.5,2,0,2022-01-17T14:22:00Z,1,20589744,2,25,2,3,01/17,2022-01-17T14:20:00Z,26.13,63.16
246,2022-01-17T00:00:00Z,T,MD82,1.1,0.29,-1,-1,2022-01-17T14:23:00Z,1,20589746,2,25,2,3,01/17,2022-01-17T14:19:00Z,25.7,61.52
247,2022-01-17T00:00:00Z,T,JR78,1.1,0.5,-1,-1,2022-01-17T14:25:00Z,1,20589711,2,25,2,3,01/17,2022-01-17T14:23:00Z,26.55,60.25
248,2022-01-17T00:00:00Z,T,MK63,1.1,0.5,1,0,2022-01-17T14:26:00Z,0,20589746,2,25,2,3,01/17,2022-01-17T14:24:00Z,25.7,62.11
249,2022-01-17T00:00:00Z,T,AJG81,1.1,0.5,1,-1,2022-01-17T14:26:00Z,1,20589718,1,25,2,3,01/17,2022-01-17T14:26:00Z,26.06,58.76
250,2022-01-17T00:00:00Z,T,PSG63,1.1,0.5,-1,-1,2022-01-17T14:28:00Z,1,20589759,2,25,2,3,01/17,2022-01-17T14:27:00Z,26.16,65.28
251,2022-01-17T00:00:00Z,T,JF79,1.1,0.44999999999999996,1,0,2022-01-17T14:30:00Z,0,20589707,1,25,2,3,01/17,2022-01-17T14:26:00Z,26.23,58.45
252,2022-01-17T00:00:00Z,T,CAD82,1.1,0.5,-1,-1,2022-01-17T14:33:00Z,1,20589732,2,25,2,3,01/17,2022-01-17T14:29:00Z,26.08,58.94
253,2022-01-17T00:00:00Z,T,GA84,1.1,0.58,1,0,2022-01-17T14:37:00Z,1,20589755,2,25,2,3,01/17,2022-01-17T14:33:00Z,26.5,61.21
255,2022-01-17T00:00:00Z,T,ELG65,1.1,0.5,2,0,2022-01-17T14:43:00Z,1,20589707,1,25,2,3,01/17,2022-01-17T14:41:00Z,26.35,60.33
256,2022-01-17T00:00:00Z,T,GHF60,1.1,0.58,-1,-1,2022-01-17T14:45:00Z,1,20589718,1,25,2,3,01/17,2022-01-17T14:41:00Z,26.21,60.42
257,2022-01-17T00:00:00Z,T,JH72,1.1,0.5,1,-1,2022-01-17T15:35:00Z,1,20589711,2,25,2,3,01/17,2022-01-17T15:33:00Z,26.3,64.33
258,2022-01-17T00:00:00Z,T,LR80,1.1,0.5,1,-1,2022-01-17T15:38:00Z,1,20589718,1,25,2,3,01/17,2022-01-17T15:36:00Z,26.28,60.42
259,2022-01-17T00:00:00Z,T,LR80,1.1,0.5,2,0,2022-01-17T16:30:00Z,1,20589718,1,25,2,3,01/17,2022-01-17T16:26:00Z,25.82,60.38
260,2022-01-17T00:00:00Z,T,SBP62,1.1,0.5,2,0,2022-01-17T16:27:00Z,1,20589744,2,25,2,3,01/17,2022-01-17T16:25:00Z,26.13,63.38
261,2022-01-17T00:00:00Z,T,GA84,1.1,0.58,1,0,2022-01-17T16:27:00Z,0,20589755,2,25,2,3,01/17,2022-01-17T16:23:00Z,26.23,61.96
262,2022-01-17T00:00:00Z,T,JR78,1.1,0.5,-1,-1,2022-01-17T16:28:00Z,1,20589711,2,25,2,3,01/17,2022-01-17T16:28:00Z,26.4,66.99
263,2022-01-17T00:00:00Z,T,MK63,1.1,0.5,1,0,2022-01-17T16:29:00Z,0,20589746,2,25,2,3,01/17,2022-01-17T16:29:00Z,25.72,67.65
264,2022-01-17T00:00:00Z,T,CSB82,1.1,0.5,2,0,2022-01-17T16:29:00Z,1,20589764,2,25,2,3,01/17,2022-01-17T16:25:00Z,26.55,62.28
265,2022-01-17T00:00:00Z,T,RBJ82,1.1,0.5,2,0,2022-01-17T16:30:00Z,1,20589762,2,25,2,3,01/17,2022-01-17T16:28:00Z,25.87,66.85
267,2022-01-17T00:00:00Z,T,CAD82,1.1,0.5,-1,-1,2022-01-17T16:31:00Z,1,20589732,2,25,2,3,01/17,2022-01-17T16:29:00Z,25.99,65.14
268,2022-01-17T00:00:00Z,T,GHF60,1.1,0.5,-1,-1,2022-01-17T16:35:00Z,1,20589718,1,25,2,3,01/17,2022-01-17T16:31:00Z,25.7,60.57
269,2022-01-17T00:00:00Z,T,JH72,1.1,0.5,2,0,2022-01-17T16:35:00Z,1,20589711,2,25,2,3,01/17,2022-01-17T16:33:00Z,26.3,69.38
270,2022-01-17T00:00:00Z,T,JF79,1.1,0.44999999999999996,-1,1,2022-01-17T16:35:00Z,0,20589707,1,25,2,3,01/17,2022-01-17T16:31:00Z,26.3,61.72
271,2022-01-17T00:00:00Z,T,PSG63,1.58,0.5,-1,-1,2022-01-17T16:38:00Z,1,20589759,2,25,2,3,01/17,2022-01-17T16:37:00Z,26.11,68.97
272,2022-01-17T00:00:00Z,T,MD82,1.1,0.29,-2,-1,2022-01-17T16:51:00Z,1,20589746,2,25,2,3,01/17,2022-01-17T16:49:00Z,25.72,68.04
273,2022-01-17T00:00:00Z,T,AJG81,1.1,0.5,1,0,2022-01-17T17:00:00Z,1,20589718,1,25,2,3,01/17,2022-01-17T16:56:00Z,25.09,64.67
274,2022-01-17T00:00:00Z,T,SO94,1.1,0.5,1,0,2022-01-17T17:21:00Z,1,20589707,1,25,2,3,01/17,2022-01-17T17:21:00Z,25.89,66.06
275,2022-01-17T00:00:00Z,T,AFS63,1.1,0.5,1,0,2022-01-17T17:52:00Z,1,20589755,2,25,2,3,01/17,2022-01-17T17:48:00Z,26.45,66.14
276,2022-01-17T00:00:00Z,T,PMC78,1.1,0.58,2,0,2022-01-17T17:57:00Z,1,20589728,1,25,2,3,01/17,2022-01-17T17:54:00Z,25.79,65.89
277,2022-01-18T00:00:00Z,M,ELG65,1.1,0.5,2,0,2022-01-18T07:26:00Z,0,20589707,1,26,2,4,01/18,2022-01-18T07:26:00Z,26.72,70.92
278,2022-01-18T00:00:00Z,M,RS68,1.1,0.5,1,-1,2022-01-18T08:46:00Z,1,20589711,2,26,2,4,01/18,2022-01-18T08:43:00Z,26.55,68.19
280,2022-01-18T00:00:00Z,M,LR80,1.1,0.5,1,-1,2022-01-18T10:23:00Z,1,20589718,1,26,2,4,01/18,2022-01-18T10:21:00Z,26.18,63.57
281,2022-01-18T00:00:00Z,M,SBP62,1.1,0.5,2,0,2022-01-18T10:08:00Z,1,20589744,2,26,2,4,01/18,2022-01-18T10:05:00Z,26.28,66.26
282,2022-01-18T00:00:00Z,M,JF79,1.1,0.5,1,0,2022-01-18T10:08:00Z,1,20589707,1,26,2,4,01/18,2022-01-18T10:06:00Z,26.18,62.92
283,2022-01-18T00:00:00Z,M,AD03,1.58,0.5,2,0,2022-01-18T10:10:00Z,0,20589718,1,26,2,4,01/18,2022-01-18T10:06:00Z,26.13,63.13
284,2022-01-18T00:00:00Z,M,GHF60,1.1,0.5,-2,-1,2022-01-18T10:11:00Z,1,20589718,1,26,2,4,01/18,2022-01-18T10:11:00Z,26.13,62.96
285,2022-01-18T00:00:00Z,M,JH72,1.1,0.5,1,-1,2022-01-18T10:12:00Z,1,20589711,2,26,2,4,01/18,2022-01-18T10:08:00Z,26.84,67.29
286,2022-01-18T00:00:00Z,M,SH76,1.1,0.34,2,0,2022-01-18T10:12:00Z,1,20589718,1,26,2,4,01/18,2022-01-18T10:11:00Z,26.13,62.96
287,2022-01-18T00:00:00Z,M,CA01,1.1,0.5,2,0,2022-01-18T10:15:00Z,1,20589707,1,26,2,4,01/18,2022-01-18T10:11:00Z,26.18,62.5
288,2022-01-18T00:00:00Z,M,AFS63,1.1,0.5,1,0,2022-01-18T10:15:00Z,1,20589755,2,26,2,4,01/18,2022-01-18T10:13:00Z,26.48,64.58
289,2022-01-18T00:00:00Z,M,MK63,1.1,0.5,1,0,2022-01-18T10:20:00Z,0,20589746,2,26,2,4,01/18,2022-01-18T10:19:00Z,26.26,66.67
290,2022-01-18T00:00:00Z,M,GA84,1.58,0.44999999999999996,1,0,2022-01-18T10:22:00Z,1,20589755,2,26,2,4,01/18,2022-01-18T10:18:00Z,26.5,64.92
291,2022-01-18T00:00:00Z,M,ELG65,1.1,0.5,2,0,2022-01-18T10:24:00Z,1,20589707,1,26,2,4,01/18,2022-01-18T10:21:00Z,26.28,63.5
292,2022-01-18T00:00:00Z,M,MD82,1.1,0.29,-1,-1,2022-01-18T10:24:00Z,1,20589746,2,26,2,4,01/18,2022-01-18T10:24:00Z,26.3,67.04
293,2022-01-18T00:00:00Z,M,PSG63,1.1,0.5,2,0,2022-01-18T10:45:00Z,1,20589759,2,26,2,4,01/18,2022-01-18T10:42:00Z,26.67,68.14
294,2022-01-18T00:00:00Z,M,RBJ82,1.58,0.5,1,-1,2022-01-18T10:46:00Z,1,20589762,2,26,2,4,01/18,2022-01-18T10:43:00Z,26.4,68.19
296,2022-01-18T00:00:00Z,M,PMC78,1.1,0.58,1,-1,2022-01-18T11:01:00Z,1,20589728,1,26,2,4,01/18,2022-01-18T10:59:00Z,26.77,63.79
297,2022-01-18T00:00:00Z,M,AJG81,1.1,0.5,1,-1,2022-01-18T11:49:00Z,1,20589718,1,26,2,4,01/18,2022-01-18T11:46:00Z,26.43,60.45
298,2022-01-18T00:00:00Z,T,CAD82,1.1,0.5,-1,-1,2022-01-18T14:17:00Z,1,20589732,2,26,2,4,01/18,2022-01-18T14:14:00Z,27.01,57.42
299,2022-01-18T00:00:00Z,T,GHF60,1.1,0.5,-2,-1,2022-01-18T14:18:00Z,1,20589718,1,26,2,4,01/18,2022-01-18T14:16:00Z,26.82,58.96
300,2022-01-18T00:00:00Z,T,RS68,1.1,0.5,1,-1,2022-01-18T14:18:00Z,1,20589711,2,26,2,4,01/18,2022-01-18T14:18:00Z,27.8,60.25
301,2022-01-18T00:00:00Z,T,LR80,1.1,0.5,1,-1,2022-01-18T14:17:00Z,1,20589718,1,26,2,4,01/18,2022-01-18T14:16:00Z,26.82,58.96
302,2022-01-18T00:00:00Z,T,AJG81,1.1,0.5,-1,-1,2022-01-18T14:19:00Z,1,20589718,1,26,2,4,01/18,2022-01-18T14:16:00Z,26.82,58.96
303,2022-01-18T00:00:00Z,T,JF79,1.58,0.5,1,0,2022-01-18T14:19:00Z,0,20589707,1,26,2,4,01/18,2022-01-18T14:16:00Z,27.04,58.23
304,2022-01-18T00:00:00Z,T,SBP62,1.58,0.5,2,0,2022-01-18T14:19:00Z,1,20589744,2,26,2,4,01/18,2022-01-18T14:15:00Z,26.74,63.35
305,2022-01-18T00:00:00Z,T,MK63,1.1,0.5,-1,-1,2022-01-18T14:20:00Z,1,20589746,2,26,2,4,01/18,2022-01-18T14:19:00Z,26.74,61.52
306,2022-01-18T00:00:00Z,T,CSB82,1.1,0.34,1,-1,2022-01-18T14:23:00Z,1,20589764,2,26,2,4,01/18,2022-01-18T14:20:00Z,27.41,59.4
307,2022-01-18T00:00:00Z,T,PSG63,1.1,0.5,-1,-1,2022-01-18T14:25:00Z,1,20589759,2,26,2,4,01/18,2022-01-18T14:22:00Z,26.96,63.21
308,2022-01-18T00:00:00Z,T,PSG63,1.1,0.5,-2,-1,2022-01-18T14:32:00Z,1,20589759,2,26,2,4,01/18,2022-01-18T14:32:00Z,27.01,64.04
309,2022-01-18T00:00:00Z,T,PMC78,1.1,0.58,1,-1,2022-01-18T14:37:00Z,1,20589728,1,26,2,4,01/18,2022-01-18T14:34:00Z,27.09,58.84
310,2022-01-18T00:00:00Z,T,MD82,1.1,0.29,-2,-1,2022-01-18T14:41:00Z,1,20589746,2,26,2,4,01/18,2022-01-18T14:39:00Z,26.82,63.4
311,2022-01-18T00:00:00Z,T,ELG65,1.1,0.5,2,0,2022-01-18T14:44:00Z,1,20589707,1,26,2,4,01/18,2022-01-18T14:41:00Z,27.11,60.69
312,2022-01-18T00:00:00Z,T,SO94,1.1,0.5,1,0,2022-01-18T14:44:00Z,1,20589707,1,26,2,4,01/18,2022-01-18T14:41:00Z,27.11,60.69
313,2022-01-18T00:00:00Z,T,GA84,1.1,0.44999999999999996,1,-1,2022-01-18T14:57:00Z,1,20589755,2,26,2,4,01/18,2022-01-18T14:53:00Z,27.28,63.18
314,2022-01-18T00:00:00Z,T,JH72,1.58,0.5,1,-1,2022-01-18T15:16:00Z,1,20589711,2,26,2,4,01/18,2022-01-18T15:13:00Z,27.92,60.52
315,2022-01-18T00:00:00Z,T,RAB82,1.1,0.5,-1,-1,2022-01-18T15:31:00Z,1,20589711,2,26,2,4,01/18,2022-01-18T15:28:00Z,27.8,55.18
316,2022-01-18T00:00:00Z,T,RBJ82,1.1,0.5,2,0,2022-01-18T15:51:00Z,1,20589762,2,26,2,4,01/18,2022-01-18T15:48:00Z,26.04,62.43
317,2022-01-18T00:00:00Z,T,SBP62,1.1,0.5,2,0,2022-01-18T16:40:00Z,1,20589744,2,26,2,4,01/18,2022-01-18T16:40:00Z,26.08,61.38
318,2022-01-18T00:00:00Z,T,SH76,1.58,0.34,1,0,2022-01-18T16:45:00Z,1,20589718,1,26,2,4,01/18,2022-01-18T16:41:00Z,26.43,54.81
320,2022-01-18T00:00:00Z,T,RS68,1.1,0.5,1,-1,2022-01-18T16:51:00Z,1,20589711,2,26,2,4,01/18,2022-01-18T16:48:00Z,26.62,61.35
321,2022-01-18T00:00:00Z,T,AFS63,1.58,0.5,-1,-1,2022-01-18T16:51:00Z,1,20589755,2,26,2,4,01/18,2022-01-18T16:48:00Z,26.18,61.25
322,2022-01-18T00:00:00Z,T,GHF60,1.1,0.5,-2,-1,2022-01-18T16:57:00Z,1,20589718,1,26,2,4,01/18,2022-01-18T16:56:00Z,26.3,56.71
323,2022-01-18T00:00:00Z,T,MK63,1.1,0.5,1,0,2022-01-18T16:58:00Z,0,20589746,2,26,2,4,01/18,2022-01-18T16:54:00Z,25.84,63.11
324,2022-01-18T00:00:00Z,T,JH72,1.58,0.5,1,0,2022-01-18T17:01:00Z,1,20589711,2,26,2,4,01/18,2022-01-18T16:58:00Z,26.55,64.75
325,2022-01-18T00:00:00Z,T,LR80,1.1,0.5,1,-1,2022-01-18T17:02:00Z,1,20589718,1,26,2,4,01/18,2022-01-18T17:01:00Z,26.28,57.62
326,2022-01-18T00:00:00Z,T,CAD82,1.1,0.5,-1,-1,2022-01-18T17:04:00Z,1,20589732,2,26,2,4,01/18,2022-01-18T17:04:00Z,26.4,64.01
328,2022-01-18T00:00:00Z,T,AJG81,1.1,0.5,-1,-1,2022-01-18T17:27:00Z,1,20589718,1,26,2,4,01/18,2022-01-18T17:26:00Z,26.26,61.21
331,2022-01-19T00:00:00Z,M,LR80,1.1,0.5,1,-1,2022-01-19T08:31:00Z,1,20589718,1,27,2,4,01/19,2022-01-19T08:31:00Z,26.35,63.5
332,2022-01-19T00:00:00Z,M,SBP62,1.1,0.5,2,0,2022-01-19T08:31:00Z,0,20589744,2,27,2,4,01/19,2022-01-19T08:30:00Z,26.92,69.87
333,2022-01-19T00:00:00Z,M,JF79,1.58,0.5,2,0,2022-01-19T08:31:00Z,1,20589707,1,27,2,4,01/19,2022-01-19T08:31:00Z,26.43,62.04
335,2022-01-19T00:00:00Z,M,CA01,1.1,0.44999999999999996,2,0,2022-01-19T08:33:00Z,1,20589707,1,27,2,4,01/19,2022-01-19T08:31:00Z,26.43,62.04
336,2022-01-19T00:00:00Z,M,ELG65,1.1,0.5,2,0,2022-01-19T08:35:00Z,1,20589707,1,27,2,4,01/19,2022-01-19T08:31:00Z,26.43,62.04
337,2022-01-19T00:00:00Z,M,MK63,1.58,0.5,-1,-1,2022-01-19T08:35:00Z,1,20589746,2,27,2,4,01/19,2022-01-19T08:34:00Z,26.38,64.04
339,2022-01-19T00:00:00Z,M,AD03,1.58,0.5,2,0,2022-01-19T08:45:00Z,1,20589718,1,27,2,4,01/19,2022-01-19T08:41:00Z,26.3,62.5
340,2022-01-19T00:00:00Z,M,AFS63,1.1,0.5,2,0,2022-01-19T08:46:00Z,1,20589755,2,27,2,4,01/19,2022-01-19T08:43:00Z,26.62,63.16
341,2022-01-19T00:00:00Z,M,PSG63,1.1,0.5,2,0,2022-01-19T08:54:00Z,1,20589759,2,27,2,4,01/19,2022-01-19T08:52:00Z,27.09,66.48
342,2022-01-19T00:00:00Z,M,MD82,1.1,0.29,-1,-1,2022-01-19T09:05:00Z,1,20589746,2,27,2,4,01/19,2022-01-19T09:04:00Z,26.35,62.13
343,2022-01-19T00:00:00Z,M,BC83,1.1,0.5,-2,-1,2022-01-19T09:11:00Z,1,20589762,2,27,2,4,01/19,2022-01-19T09:08:00Z,26.5,63.01
344,2022-01-19T00:00:00Z,M,JH72,1.1,0.5,1,-1,2022-01-19T09:14:00Z,1,20589711,2,27,2,4,01/19,2022-01-19T09:13:00Z,27.28,62.28
345,2022-01-19T00:00:00Z,M,SO94,1.1,0.5,1,0,2022-01-19T09:26:00Z,1,20589707,1,27,2,4,01/19,2022-01-19T09:26:00Z,26.04,58.15
346,2022-01-19T00:00:00Z,M,AJG81,1.1,0.5,1,0,2022-01-19T09:35:00Z,1,20589718,1,27,2,4,01/19,2022-01-19T09:31:00Z,26.04,58.33
347,2022-01-19T00:00:00Z,M,GA84,1.1,0.34,1,-1,2022-01-19T10:12:00Z,0,20589755,2,27,2,4,01/19,2022-01-19T10:08:00Z,26.62,58.96
348,2022-01-19T00:00:00Z,M,LR80,1.1,0.5,1,-1,2022-01-19T11:04:00Z,1,20589718,1,27,2,4,01/19,2022-01-19T11:01:00Z,26.01,56.96
349,2022-01-19T00:00:00Z,M,CSB82,1.1,0.29,2,0,2022-01-19T11:04:00Z,1,20589764,2,27,2,4,01/19,2022-01-19T11:00:00Z,26.6,56.64
350,2022-01-19T00:00:00Z,M,MK63,1.1,0.5,1,0,2022-01-19T11:05:00Z,1,20589746,2,27,2,4,01/19,2022-01-19T11:04:00Z,26.43,57.45
351,2022-01-19T00:00:00Z,M,SBP62,1.1,0.5,2,0,2022-01-19T11:06:00Z,1,20589744,2,27,2,4,01/19,2022-01-19T11:05:00Z,26.92,62.62
352,2022-01-19T00:00:00Z,M,SH76,1.1,0.5,2,0,2022-01-19T11:09:00Z,1,20589718,1,27,2,4,01/19,2022-01-19T11:06:00Z,26.01,57.18
353,2022-01-19T00:00:00Z,M,BC83,1.1,0.5,1,0,2022-01-19T11:10:00Z,1,20589762,2,27,2,4,01/19,2022-01-19T11:08:00Z,26.62,58.86
354,2022-01-19T00:00:00Z,M,GA84,1.1,0.34,1,-1,2022-01-19T11:12:00Z,0,20589755,2,27,2,4,01/19,2022-01-19T11:08:00Z,26.72,58.06
355,2022-01-19T00:00:00Z,M,AJG81,1.1,0.5,1,0,2022-01-19T11:12:00Z,1,20589718,1,27,2,4,01/19,2022-01-19T11:11:00Z,26.01,56.96
356,2022-01-19T00:00:00Z,M,CAD82,1.1,0.5,-1,-1,2022-01-19T11:13:00Z,1,20589732,2,27,2,4,01/19,2022-01-19T11:09:00Z,26.99,57.79
357,2022-01-19T00:00:00Z,M,JF79,1.1,0.8799999999999999,-2,1,2022-01-19T11:16:00Z,0,20589707,1,27,2,4,01/19,2022-01-19T11:16:00Z,26.23,56.05
358,2022-01-19T00:00:00Z,M,AD03,1.1,0.5,2,0,2022-01-19T11:38:00Z,0,20589718,1,27,2,4,01/19,2022-01-19T11:36:00Z,26.06,57.18
359,2022-01-19T00:00:00Z,T,JH72,1.58,0.5,1,-1,2022-01-19T13:53:00Z,0,20589711,2,24,2,4,01/19,2022-01-19T13:53:00Z,26.92,66.11
360,2022-01-19T00:00:00Z,T,MD82,1.1,0.29,-1,-1,2022-01-19T14:55:00Z,1,20589746,2,24,2,4,01/19,2022-01-19T14:54:00Z,25.6,63.92
361,2022-01-19T00:00:00Z,T,RS68,1.1,0.5,1,-1,2022-01-19T15:07:00Z,1,20589711,2,24,2,4,01/19,2022-01-19T15:03:00Z,26.57,64.5
362,2022-01-19T00:00:00Z,T,JH72,1.1,0.5,1,-1,2022-01-19T15:08:00Z,1,20589711,2,24,2,4,01/19,2022-01-19T15:08:00Z,26.45,60.23
363,2022-01-19T00:00:00Z,T,SBP62,1.1,0.5,2,0,2022-01-19T15:08:00Z,1,20589744,2,24,2,4,01/19,2022-01-19T15:05:00Z,26.21,65.09
364,2022-01-19T00:00:00Z,T,MK63,1.1,0.5,1,0,2022-01-19T15:08:00Z,1,20589746,2,24,2,4,01/19,2022-01-19T15:04:00Z,25.62,60.42
365,2022-01-19T00:00:00Z,T,CSB82,1.1,0.29,2,0,2022-01-19T15:08:00Z,1,20589764,2,24,2,4,01/19,2022-01-19T15:05:00Z,25.82,58.5
366,2022-01-19T00:00:00Z,T,GHF60,1.1,0.5,-2,-1,2022-01-19T15:09:00Z,1,20589718,1,24,2,4,01/19,2022-01-19T15:06:00Z,25.48,60.42
367,2022-01-19T00:00:00Z,T,LR80,1.1,0.5,1,-1,2022-01-19T15:08:00Z,1,20589718,1,24,2,4,01/19,2022-01-19T15:06:00Z,25.48,60.42
368,2022-01-19T00:00:00Z,T,CAD82,1.1,0.5,-1,-1,2022-01-19T15:11:00Z,1,20589732,2,24,2,4,01/19,2022-01-19T15:09:00Z,26.04,59.42
369,2022-01-19T00:00:00Z,T,GA84,1.1,0.34,1,0,2022-01-19T15:13:00Z,1,20589755,2,24,2,4,01/19,2022-01-19T15:13:00Z,25.48,60.28
371,2022-01-19T00:00:00Z,T,PSG63,1.1,0.5,2,0,2022-01-19T15:34:00Z,1,20589759,2,24,2,4,01/19,2022-01-19T15:32:00Z,26.45,66.75
372,2022-01-19T00:00:00Z,T,AJG81,1.1,0.5,-1,-1,2022-01-19T15:36:00Z,1,20589718,1,24,2,4,01/19,2022-01-19T15:36:00Z,25.43,59.91
374,2022-01-19T00:00:00Z,T,AFS63,1.1,0.5,1,-1,2022-01-19T16:31:00Z,0,20589755,2,24,2,4,01/19,2022-01-19T16:28:00Z,25.6,62.72
375,2022-01-19T00:00:00Z,T,BC83,1.1,0.5,1,-1,2022-01-19T17:25:00Z,1,20589762,2,24,2,4,01/19,2022-01-19T17:23:00Z,25.65,67.07
376,2022-01-19T00:00:00Z,T,MD82,1.1,0.29,-1,-1,2022-01-19T17:55:00Z,1,20589746,2,24,2,4,01/19,2022-01-19T17:54:00Z,25.33,72.39
380,2022-01-20T00:00:00Z,M,ELG65,1.1,0.5,2,0,2022-01-20T10:03:00Z,1,20589707,1,23,2,5,01/20,2022-01-20T10:01:00Z,25.02,54.2
381,2022-01-20T00:00:00Z,M,GHF60,1.1,0.5,-2,-1,2022-01-20T10:35:00Z,1,20589718,1,23,2,5,01/20,2022-01-20T10:31:00Z,24.19,59.33
382,2022-01-20T00:00:00Z,M,LR80,1.1,0.5,2,0,2022-01-20T10:35:00Z,0,20589718,1,23,2,5,01/20,2022-01-20T10:31:00Z,24.19,59.33
383,2022-01-20T00:00:00Z,M,MK63,1.1,0.5,1,0,2022-01-20T10:42:00Z,0,20589746,2,23,2,5,01/20,2022-01-20T10:39:00Z,24.68,61.16
384,2022-01-20T00:00:00Z,M,SH76,1.1,0.29,1,0,2022-01-20T10:43:00Z,0,20589718,1,23,2,5,01/20,2022-01-20T10:41:00Z,24.41,58.08
385,2022-01-20T00:00:00Z,M,RS68,1.1,0.5,2,0,2022-01-20T10:43:00Z,0,20589711,2,23,2,5,01/20,2022-01-20T10:43:00Z,25.31,62.33
386,2022-01-20T00:00:00Z,M,AD03,1.1,0.5,2,0,2022-01-20T10:45:00Z,0,20589718,1,23,2,5,01/20,2022-01-20T10:41:00Z,24.41,58.08
387,2022-01-20T00:00:00Z,M,MD82,1.1,0.29,1,-1,2022-01-20T10:46:00Z,1,20589746,2,23,2,5,01/20,2022-01-20T10:44:00Z,24.8,60.13
388,2022-01-20T00:00:00Z,M,GR95,1.1,0.5,2,0,2022-01-20T10:49:00Z,0,20589746,2,23,2,5,01/20,2022-01-20T10:49:00Z,24.85,57.86
389,2022-01-20T00:00:00Z,M,CAD82,1.1,0.5,-1,-1,2022-01-20T10:54:00Z,1,20589732,2,23,2,5,01/20,2022-01-20T10:54:00Z,25.55,59.91
390,2022-01-20T00:00:00Z,M,JF79,1.1,0.8799999999999999,-1,1,2022-01-20T11:00:00Z,0,20589707,1,23,2,5,01/20,2022-01-20T10:56:00Z,25.09,55.3
391,2022-01-20T00:00:00Z,M,BC83,1.1,0.5,1,0,2022-01-20T11:08:00Z,1,20589762,2,23,2,5,01/20,2022-01-20T11:08:00Z,24.9,60.18
392,2022-01-20T00:00:00Z,M,PMC78,1.1,0.58,1,0,2022-01-20T11:19:00Z,1,20589728,1,23,2,5,01/20,2022-01-20T11:19:00Z,25.43,57.74
393,2022-01-20T00:00:00Z,M,JH72,1.1,0.5,2,0,2022-01-20T11:20:00Z,1,20589711,2,23,2,5,01/20,2022-01-20T11:18:00Z,25.38,56.15
394,2022-01-20T00:00:00Z,M,PSG63,1.1,0.5,1,-1,2022-01-20T11:25:00Z,1,20589759,2,23,2,5,01/20,2022-01-20T11:22:00Z,25.65,55.88
395,2022-01-20T00:00:00Z,M,CA01,1.1,0.5,2,0,2022-01-20T11:40:00Z,1,20589707,1,23,2,5,01/20,2022-01-20T11:36:00Z,25.23,54.66
396,2022-01-20T00:00:00Z,T,ELG65,1.1,0.5,2,0,2022-01-20T14:15:00Z,1,20589707,1,23,2,5,01/20,2022-01-20T14:11:00Z,25.09,57.42
397,2022-01-20T00:00:00Z,T,GA84,1.1,0.5,1,0,2022-01-20T14:16:00Z,1,20589755,2,23,2,5,01/20,2022-01-20T14:13:00Z,24.65,58.2
398,2022-01-20T00:00:00Z,T,JF79,1.1,0.5,1,0,2022-01-20T14:17:00Z,1,20589707,1,23,2,5,01/20,2022-01-20T14:16:00Z,25.09,56.93
399,2022-01-20T00:00:00Z,T,CSB82,1.1,0.29,1,0,2022-01-20T14:19:00Z,1,20589764,2,23,2,5,01/20,2022-01-20T14:15:00Z,24.85,58.03
400,2022-01-20T00:00:00Z,T,LR80,1.1,0.5,1,-1,2022-01-20T14:18:00Z,1,20589718,1,23,2,5,01/20,2022-01-20T14:16:00Z,24.58,60.25
401,2022-01-20T00:00:00Z,T,SH76,1.1,0.29,1,0,2022-01-20T14:20:00Z,1,20589718,1,23,2,5,01/20,2022-01-20T14:16:00Z,24.58,60.25
402,2022-01-20T00:00:00Z,T,MD82,1.1,0.29,-1,-1,2022-01-20T14:20:00Z,1,20589746,2,23,2,5,01/20,2022-01-20T14:19:00Z,24.53,61.89
403,2022-01-20T00:00:00Z,T,BC83,1.58,0.5,-1,-1,2022-01-20T14:21:00Z,0,20589762,2,23,2,5,01/20,2022-01-20T14:18:00Z,24.56,61.23
404,2022-01-20T00:00:00Z,T,RS68,1.1,0.5,1,0,2022-01-20T14:23:00Z,0,20589711,2,23,2,5,01/20,2022-01-20T14:23:00Z,25.04,63.16
405,2022-01-20T00:00:00Z,T,MK63,1.1,0.5,-1,-1,2022-01-20T14:30:00Z,1,20589746,2,23,2,5,01/20,2022-01-20T14:29:00Z,24.65,60.86
406,2022-01-20T00:00:00Z,T,AJG81,1.1,0.5,-1,-1,2022-01-20T14:31:00Z,1,20589718,1,23,2,5,01/20,2022-01-20T14:31:00Z,24.75,58.84
407,2022-01-20T00:00:00Z,T,JH72,1.1,0.5,-1,-1,2022-01-20T14:39:00Z,0,20589711,2,23,2,5,01/20,2022-01-20T14:38:00Z,25.26,60.64
408,2022-01-20T00:00:00Z,T,PMC78,1.1,0.58,1,-1,2022-01-20T14:53:00Z,0,20589728,1,23,2,5,01/20,2022-01-20T14:49:00Z,25.45,58.94
409,2022-01-20T00:00:00Z,T,CAD82,1.1,0.5,-1,-1,2022-01-20T15:08:00Z,1,20589732,2,23,2,5,01/20,2022-01-20T15:04:00Z,25.53,59.52
410,2022-01-20T00:00:00Z,T,CSB82,1.1,0.29,1,0,2022-01-20T16:29:00Z,0,20589764,2,23,2,5,01/20,2022-01-20T16:25:00Z,24.68,58.59
411,2022-01-20T00:00:00Z,T,BC83,1.1,0.5,1,0,2022-01-20T16:29:00Z,1,20589762,2,23,2,5,01/20,2022-01-20T16:28:00Z,24.46,60.4
412,2022-01-20T00:00:00Z,T,JF79,1.1,0.58,1,0,2022-01-20T16:30:00Z,0,20589707,1,23,2,5,01/20,2022-01-20T16:26:00Z,25.04,57.42
413,2022-01-20T00:00:00Z,T,RS68,1.1,0.5,2,0,2022-01-20T16:36:00Z,0,20589711,2,23,2,5,01/20,2022-01-20T16:33:00Z,25.11,63.79
414,2022-01-20T00:00:00Z,T,GA84,1.1,0.5,1,0,2022-01-20T16:38:00Z,0,20589755,2,23,2,5,01/20,2022-01-20T16:38:00Z,24.58,65.62
415,2022-01-20T00:00:00Z,T,MD82,1.1,0.29,1,0,2022-01-20T16:39:00Z,1,20589746,2,23,2,5,01/20,2022-01-20T16:39:00Z,24.48,65.33
416,2022-01-20T00:00:00Z,T,MK63,1.1,0.5,1,0,2022-01-20T16:40:00Z,0,20589746,2,23,2,5,01/20,2022-01-20T16:39:00Z,24.48,65.33
417,2022-01-20T00:00:00Z,T,GHF60,1.1,0.5,-2,-1,2022-01-20T16:40:00Z,1,20589718,1,23,2,5,01/20,2022-01-20T16:36:00Z,24.87,57.25
418,2022-01-20T00:00:00Z,T,SH76,1.58,0.29,1,0,2022-01-20T16:54:00Z,0,20589718,1,23,2,5,01/20,2022-01-20T16:51:00Z,24.85,57.89
419,2022-01-20T00:00:00Z,T,LR80,1.1,0.5,1,-1,2022-01-20T16:54:00Z,1,20589718,1,23,2,5,01/20,2022-01-20T16:51:00Z,24.85,57.89
420,2022-01-20T00:00:00Z,T,CAD82,1.1,0.5,-1,0,2022-01-20T17:11:00Z,1,20589732,2,23,2,5,01/20,2022-01-20T17:09:00Z,25.14,61.65
421,2022-01-20T00:00:00Z,T,JH72,1.1,0.5,2,0,2022-01-20T17:25:00Z,1,20589711,2,23,2,5,01/20,2022-01-20T17:23:00Z,24.9,68.24
422,2022-01-20T00:00:00Z,T,AJG81,1.1,0.5,1,0,2022-01-20T17:27:00Z,1,20589718,1,23,2,5,01/20,2022-01-20T17:26:00Z,25.04,60.6
423,2022-01-21T00:00:00Z,M,MK63,1.1,0.5,1,0,2022-01-21T09:43:00Z,1,20589746,2,23,2,5,01/21,2022-01-21T09:39:00Z,24.34,65.84
424,2022-01-21T00:00:00Z,M,CSB82,1.1,0.29,1,0,2022-01-21T09:44:00Z,1,20589764,2,23,2,5,01/21,2022-01-21T09:40:00Z,24.94,61.23
425,2022-01-21T00:00:00Z,M,JF79,1.1,0.34,1,0,2022-01-21T09:45:00Z,0,20589707,1,23,2,5,01/21,2022-01-21T09:41:00Z,25.26,56.23
426,2022-01-21T00:00:00Z,M,AD03,1.1,0.5,2,0,2022-01-21T09:46:00Z,0,20589718,1,23,2,5,01/21,2022-01-21T09:46:00Z,24.94,57.35
427,2022-01-21T00:00:00Z,M,MD82,1.1,0.29,1,-1,2022-01-21T09:46:00Z,1,20589746,2,23,2,5,01/21,2022-01-21T09:44:00Z,24.39,65.04
428,2022-01-21T00:00:00Z,M,SBP62,1.1,0.5,2,0,2022-01-21T09:47:00Z,1,20589744,2,23,2,5,01/21,2022-01-21T09:45:00Z,24.77,69.34
429,2022-01-21T00:00:00Z,M,GR95,1.1,0.5,1,-1,2022-01-21T09:48:00Z,1,20589746,2,23,2,5,01/21,2022-01-21T09:44:00Z,24.39,65.04
430,2022-01-21T00:00:00Z,M,PSG63,1.58,0.5,2,0,2022-01-21T09:50:00Z,1,20589759,2,23,2,5,01/21,2022-01-21T09:47:00Z,25.04,65.43
431,2022-01-21T00:00:00Z,M,LR80,1.1,0.5,2,0,2022-01-21T09:52:00Z,1,20589718,1,23,2,5,01/21,2022-01-21T09:51:00Z,24.94,57.4
432,2022-01-21T00:00:00Z,M,RS68,1.1,0.5,1,0,2022-01-21T09:59:00Z,1,20589711,2,23,2,5,01/21,2022-01-21T09:58:00Z,24.82,65.09
433,2022-01-21T00:00:00Z,M,BC83,1.1,0.5,-1,-1,2022-01-21T10:03:00Z,1,20589762,2,23,2,5,01/21,2022-01-21T10:03:00Z,24.51,61.47
434,2022-01-21T00:00:00Z,M,SH76,1.1,0.29,2,0,2022-01-21T10:05:00Z,0,20589718,1,23,2,5,01/21,2022-01-21T10:01:00Z,25.02,56.93
435,2022-01-21T00:00:00Z,M,AJG81,1.1,0.5,1,0,2022-01-21T10:18:00Z,1,20589718,1,23,2,5,01/21,2022-01-21T10:16:00Z,25.02,56.57
436,2022-01-21T00:00:00Z,M,GA84,1.1,0.44999999999999996,1,0,2022-01-21T10:20:00Z,0,20589755,2,23,2,5,01/21,2022-01-21T10:18:00Z,24.51,64.45
437,2022-01-21T00:00:00Z,M,ELG65,1.1,0.5,2,0,2022-01-21T10:25:00Z,1,20589707,1,23,2,5,01/21,2022-01-21T10:21:00Z,25.16,55.54
438,2022-01-21T00:00:00Z,M,GHF60,1.1,0.5,-2,-1,2022-01-21T10:27:00Z,1,20589718,1,23,2,5,01/21,2022-01-21T10:26:00Z,25.04,56.47
439,2022-01-21T00:00:00Z,T,CSB82,1.1,0.29,1,-1,2022-01-21T14:26:00Z,0,20589764,2,23,2,5,01/21,2022-01-21T14:25:00Z,24.73,56.93
440,2022-01-21T00:00:00Z,T,MK63,1.58,0.5,1,-1,2022-01-21T14:26:00Z,0,20589746,2,23,2,5,01/21,2022-01-21T14:24:00Z,24.29,59.18
441,2022-01-21T00:00:00Z,T,CAD82,1.1,0.5,-1,-1,2022-01-21T14:27:00Z,1,20589732,2,23,2,5,01/21,2022-01-21T14:24:00Z,25.04,60.01
442,2022-01-21T00:00:00Z,T,RS68,1.1,0.5,1,0,2022-01-21T14:27:00Z,1,20589711,2,23,2,5,01/21,2022-01-21T14:23:00Z,24.65,61.13
443,2022-01-21T00:00:00Z,T,LR80,1.1,0.5,1,-1,2022-01-21T14:27:00Z,1,20589718,1,23,2,5,01/21,2022-01-21T14:26:00Z,24.9,55.32
444,2022-01-21T00:00:00Z,T,GHF60,1.1,0.5,-2,-1,2022-01-21T14:27:00Z,1,20589718,1,23,2,5,01/21,2022-01-21T14:26:00Z,24.9,55.32
445,2022-01-21T00:00:00Z,T,SH76,1.1,0.29,1,-1,2022-01-21T14:28:00Z,0,20589718,1,23,2,5,01/21,2022-01-21T14:26:00Z,24.9,55.32
446,2022-01-21T00:00:00Z,T,JF79,1.1,0.34,1,0,2022-01-21T14:33:00Z,1,20589707,1,23,2,5,01/21,2022-01-21T14:31:00Z,24.8,55.13
447,2022-01-21T00:00:00Z,T,PSG63,1.58,0.5,1,-1,2022-01-21T14:33:00Z,1,20589759,2,23,2,5,01/21,2022-01-21T14:32:00Z,25.06,58.89
448,2022-01-21T00:00:00Z,T,GA84,1.1,0.44999999999999996,2,0,2022-01-21T14:44:00Z,0,20589755,2,23,2,5,01/21,2022-01-21T14:43:00Z,24.68,55.93
449,2022-01-21T00:00:00Z,T,MD82,1.1,0.29,-1,-1,2022-01-21T15:12:00Z,1,20589746,2,23,2,5,01/21,2022-01-21T15:09:00Z,24.36,58.2
450,2022-01-21T00:00:00Z,T,PMC78,1.1,0.58,1,-1,2022-01-21T15:28:00Z,1,20589728,1,23,2,5,01/21,2022-01-21T15:24:00Z,26.13,53.66
451,2022-01-21T00:00:00Z,T,SBP62,1.1,0.5,2,0,2022-01-21T15:45:00Z,1,20589744,2,23,2,5,01/21,2022-01-21T15:45:00Z,24.92,61.94
452,2022-01-24T00:00:00Z,M,ELG65,1.1,0.5,2,-1,2022-01-24T08:35:00Z,1,20589707,1,23,3,6,01/24,2022-01-24T08:31:00Z,26.52,63.09
453,2022-01-24T00:00:00Z,M,LR80,1.1,0.5,1,-1,2022-01-24T08:49:00Z,1,20589718,1,23,3,6,01/24,2022-01-24T08:46:00Z,25.48,59.77
454,2022-01-24T00:00:00Z,M,GHF60,1.1,0.5,-2,-1,2022-01-24T08:45:00Z,1,20589718,1,23,3,6,01/24,2022-01-24T08:41:00Z,25.57,60.91
455,2022-01-24T00:00:00Z,M,SBP62,1.1,0.5,2,0,2022-01-24T08:48:00Z,1,20589744,2,23,3,6,01/24,2022-01-24T08:45:00Z,25.19,71.46
456,2022-01-24T00:00:00Z,M,MD82,1.1,0.29,-2,-1,2022-01-24T08:50:00Z,1,20589746,2,23,3,6,01/24,2022-01-24T08:49:00Z,24.85,71.63
457,2022-01-24T00:00:00Z,M,GA84,1.58,0.44999999999999996,1,-1,2022-01-24T08:50:00Z,0,20589755,2,23,3,6,01/24,2022-01-24T08:48:00Z,24.99,72.46
458,2022-01-24T00:00:00Z,M,MK63,1.1,0.5,1,-1,2022-01-24T08:51:00Z,0,20589746,2,23,3,6,01/24,2022-01-24T08:49:00Z,24.85,71.63
460,2022-01-24T00:00:00Z,M,CSB82,1.58,0.44999999999999996,-1,-1,2022-01-24T09:02:00Z,0,20589764,2,23,3,6,01/24,2022-01-24T09:00:00Z,25.84,63.21
461,2022-01-24T00:00:00Z,M,JH72,1.1,0.5,1,-1,2022-01-24T09:04:00Z,1,20589711,2,23,3,6,01/24,2022-01-24T09:03:00Z,25.02,71.12
462,2022-01-24T00:00:00Z,M,GR95,1.1,0.5,-1,-1,2022-01-24T09:07:00Z,1,20589746,2,23,3,6,01/24,2022-01-24T09:04:00Z,25.06,67.02
464,2022-01-24T00:00:00Z,M,ELG65,1.1,0.5,2,0,2022-01-24T09:10:00Z,1,20589707,1,23,3,6,01/24,2022-01-24T09:06:00Z,25.94,56.79
465,2022-01-24T00:00:00Z,M,CA01,1.1,0.5,2,0,2022-01-24T09:12:00Z,1,20589707,1,23,3,6,01/24,2022-01-24T09:11:00Z,25.84,56.74
466,2022-01-24T00:00:00Z,M,AXO82,1.1,0.34,2,0,2022-01-24T09:18:00Z,0,20589746,2,23,3,6,01/24,2022-01-24T09:14:00Z,24.82,63.26
467,2022-01-24T00:00:00Z,M,BC83,1.1,0.5,1,0,2022-01-24T10:00:00Z,0,20589762,2,23,3,6,01/24,2022-01-24T09:58:00Z,24.6,63.62
468,2022-01-24T00:00:00Z,M,JR78,1.1,0.5,-1,-1,2022-01-24T10:02:00Z,0,20589711,2,23,3,6,01/24,2022-01-24T09:58:00Z,24.94,65.48
469,2022-01-24T00:00:00Z,M,PMC78,1.1,0.58,1,-1,2022-01-24T11:12:00Z,1,20589728,1,23,3,6,01/24,2022-01-24T11:09:00Z,24.75,48.1
470,2022-01-24T00:00:00Z,M,GHF60,1.1,0.5,1,0,2022-01-24T11:24:00Z,1,20589718,1,23,3,6,01/24,2022-01-24T11:21:00Z,24.41,55.66
471,2022-01-24T00:00:00Z,M,CSB82,1.1,0.44999999999999996,1,0,2022-01-24T11:24:00Z,0,20589764,2,23,3,6,01/24,2022-01-24T11:20:00Z,25.31,55.81
472,2022-01-24T00:00:00Z,M,SBP62,1.1,0.5,2,0,2022-01-24T11:24:00Z,1,20589744,2,23,3,6,01/24,2022-01-24T11:20:00Z,25.09,63.35
473,2022-01-24T00:00:00Z,M,LR80,1.1,0.5,2,0,2022-01-24T11:25:00Z,0,20589718,1,23,3,6,01/24,2022-01-24T11:21:00Z,24.41,55.66
474,2022-01-24T00:00:00Z,M,AD03,1.1,0.5,2,0,2022-01-24T11:27:00Z,0,20589718,1,23,3,6,01/24,2022-01-24T11:26:00Z,24.46,58.5
475,2022-01-24T00:00:00Z,M,PMC78,1.1,0.58,-1,-1,2022-01-24T11:30:00Z,1,20589728,1,23,3,6,01/24,2022-01-24T11:29:00Z,24.41,60.94
476,2022-01-24T00:00:00Z,M,JF79,1.1,0.58,-1,1,2022-01-24T11:32:00Z,0,20589707,1,23,3,6,01/24,2022-01-24T11:31:00Z,25.19,55.74
477,2022-01-24T00:00:00Z,M,CA01,1.1,0.5,2,0,2022-01-24T11:33:00Z,0,20589707,1,23,3,6,01/24,2022-01-24T11:31:00Z,25.19,55.74
479,2022-01-24T00:00:00Z,M,MK63,1.1,0.5,1,0,2022-01-24T11:36:00Z,1,20589746,2,23,3,6,01/24,2022-01-24T11:34:00Z,25.02,56.98
480,2022-01-24T00:00:00Z,M,JR78,1.1,0.5,1,-1,2022-01-24T11:49:00Z,1,20589711,2,23,3,6,01/24,2022-01-24T11:48:00Z,25.53,56.91
481,2022-01-24T00:00:00Z,M,BC83,1.1,0.5,1,-1,2022-01-24T11:49:00Z,0,20589762,2,23,3,6,01/24,2022-01-24T11:48:00Z,24.82,56.37
482,2022-01-24T00:00:00Z,M,GA84,1.1,0.44999999999999996,1,0,2022-01-24T11:55:00Z,0,20589755,2,23,3,6,01/24,2022-01-24T11:53:00Z,24.94,54.1
484,2022-01-24T00:00:00Z,M,AJG81,1.1,0.5,1,0,2022-01-24T11:59:00Z,1,20589718,1,23,3,6,01/24,2022-01-24T11:56:00Z,24.82,55.79
485,2022-01-24T00:00:00Z,M,GR95,1.1,0.5,1,-1,2022-01-24T12:00:00Z,1,20589746,2,23,3,6,01/24,2022-01-24T11:59:00Z,24.56,59.67
486,2022-01-24T00:00:00Z,M,ELG65,1.1,0.5,1,-1,2022-01-24T12:25:00Z,1,20589707,1,23,3,6,01/24,2022-01-24T12:21:00Z,25.28,52.86
487,2022-01-24T00:00:00Z,T,RS68,1.1,0.5,1,0,2022-01-24T12:56:00Z,0,20589711,2,23,3,6,01/24,2022-01-24T12:53:00Z,25.19,58.74
489,2022-01-24T00:00:00Z,T,PSG63,1.1,0.5,2,0,2022-01-24T13:40:00Z,1,20589759,2,23,3,6,01/24,2022-01-24T13:37:00Z,25.11,58.18
490,2022-01-24T00:00:00Z,T,SO94,1.1,0.5,1,0,2022-01-24T14:31:00Z,1,20589707,1,23,3,6,01/24,2022-01-24T14:31:00Z,25.28,52.59
491,2022-01-24T00:00:00Z,T,RS68,1.58,0.5,1,-1,2022-01-24T15:10:00Z,1,20589711,2,23,3,6,01/24,2022-01-24T15:08:00Z,25.6,57.79
492,2022-01-24T00:00:00Z,T,JR78,1.1,0.5,-1,-1,2022-01-24T15:10:00Z,1,20589711,2,23,3,6,01/24,2022-01-24T15:08:00Z,25.6,57.79
493,2022-01-24T00:00:00Z,T,SH76,1.1,0.29,2,0,2022-01-24T15:11:00Z,0,20589718,1,23,3,6,01/24,2022-01-24T15:11:00Z,24.58,56.88
494,2022-01-24T00:00:00Z,T,MK63,1.1,0.5,1,0,2022-01-24T15:11:00Z,0,20589746,2,23,3,6,01/24,2022-01-24T15:09:00Z,24.85,55.2
495,2022-01-24T00:00:00Z,T,CSB82,1.1,0.44999999999999996,1,0,2022-01-24T15:12:00Z,0,20589764,2,23,3,6,01/24,2022-01-24T15:10:00Z,25.26,54.22
496,2022-01-24T00:00:00Z,T,GHF60,1.1,0.5,1,0,2022-01-24T15:12:00Z,1,20589718,1,23,3,6,01/24,2022-01-24T15:11:00Z,24.58,56.88
497,2022-01-24T00:00:00Z,T,GA84,1.1,0.44999999999999996,2,0,2022-01-24T15:13:00Z,0,20589755,2,23,3,6,01/24,2022-01-24T15:13:00Z,25.19,56.05
498,2022-01-24T00:00:00Z,T,SBP62,1.1,0.5,2,0,2022-01-24T15:13:00Z,1,20589744,2,23,3,6,01/24,2022-01-24T15:10:00Z,25.45,59.06
499,2022-01-24T00:00:00Z,T,JH72,1.1,0.5,2,0,2022-01-24T15:15:00Z,1,20589711,2,23,3,6,01/24,2022-01-24T15:13:00Z,25.7,57.25
500,2022-01-24T00:00:00Z,T,JH72,1.1,0.5,2,0,2022-01-24T15:16:00Z,1,20589711,2,23,3,6,01/24,2022-01-24T15:13:00Z,25.7,57.25
502,2022-01-24T00:00:00Z,T,MCL82,1.1,0.5,2,-1,2022-01-24T15:16:00Z,1,20589718,1,23,3,6,01/24,2022-01-24T15:16:00Z,24.58,56.54
504,2022-01-24T00:00:00Z,T,PMC78,1.1,0.58,1,-1,2022-01-24T15:17:00Z,0,20589728,1,23,3,6,01/24,2022-01-24T15:14:00Z,25.19,58.15
505,2022-01-24T00:00:00Z,T,LR80,1.1,0.5,1,-1,2022-01-24T15:14:00Z,1,20589718,1,23,3,6,01/24,2022-01-24T15:11:00Z,24.58,56.88
506,2022-01-24T00:00:00Z,T,BC83,1.1,0.5,1,0,2022-01-24T15:18:00Z,1,20589762,2,23,3,6,01/24,2022-01-24T15:18:00Z,24.82,55.37
507,2022-01-24T00:00:00Z,T,PSG63,1.1,0.5,2,0,2022-01-24T15:25:00Z,1,20589759,2,23,3,6,01/24,2022-01-24T15:22:00Z,25.38,55.74
508,2022-01-24T00:00:00Z,T,JF79,1.58,0.58,1,0,2022-01-24T16:23:00Z,0,20589707,1,23,3,6,01/24,2022-01-24T16:21:00Z,24.94,54.49
509,2022-01-24T00:00:00Z,T,MCL82,1.1,0.5,2,0,2022-01-24T17:15:00Z,1,20589718,1,23,3,6,01/24,2022-01-24T17:11:00Z,25.38,61.21
510,2022-01-25T00:00:00Z,M,SBP62,1.1,0.5,1,0,2022-01-25T09:43:00Z,1,20589744,2,23,3,6,01/25,2022-01-25T09:40:00Z,25.04,65.58
511,2022-01-25T00:00:00Z,M,GHF60,1.1,0.5,1,0,2022-01-25T09:43:00Z,1,20589718,1,23,3,6,01/25,2022-01-25T09:41:00Z,24.77,57.03
512,2022-01-25T00:00:00Z,M,MK63,1.1,0.5,1,0,2022-01-25T09:43:00Z,0,20589746,2,23,3,6,01/25,2022-01-25T09:39:00Z,24.46,61.28
513,2022-01-25T00:00:00Z,M,GR95,1.1,0.5,1,-1,2022-01-25T09:44:00Z,1,20589746,2,23,3,6,01/25,2022-01-25T09:44:00Z,24.56,60.52
514,2022-01-25T00:00:00Z,M,CA01,1.1,0.44999999999999996,2,0,2022-01-25T09:47:00Z,0,20589707,1,23,3,6,01/25,2022-01-25T09:46:00Z,24.92,55.86
515,2022-01-25T00:00:00Z,M,SH76,1.1,0.29,2,0,2022-01-25T09:47:00Z,0,20589718,1,23,3,6,01/25,2022-01-25T09:46:00Z,24.8,56.71
516,2022-01-25T00:00:00Z,M,RS68,1.1,0.5,1,0,2022-01-25T09:47:00Z,0,20589711,2,23,3,6,01/25,2022-01-25T09:43:00Z,24.77,63.96
517,2022-01-25T00:00:00Z,M,CSB82,1.1,0.44999999999999996,1,0,2022-01-25T09:49:00Z,0,20589764,2,23,3,6,01/25,2022-01-25T09:45:00Z,25.06,57.35
518,2022-01-25T00:00:00Z,M,DBN73,1.1,0.34,1,0,2022-01-25T09:52:00Z,1,20589746,2,23,3,6,01/25,2022-01-25T09:49:00Z,24.53,58.57
520,2022-01-25T00:00:00Z,M,JF79,1.1,0.34,1,0,2022-01-25T09:56:00Z,0,20589707,1,23,3,6,01/25,2022-01-25T09:56:00Z,24.94,55.44
521,2022-01-25T00:00:00Z,M,LR80,1.1,0.5,1,-1,2022-01-25T09:56:00Z,1,20589718,1,23,3,6,01/25,2022-01-25T09:56:00Z,24.82,56.47
522,2022-01-25T00:00:00Z,M,MD82,1.1,0.44999999999999996,1,0,2022-01-25T09:58:00Z,1,20589746,2,23,3,6,01/25,2022-01-25T09:54:00Z,24.41,60.74
523,2022-01-25T00:00:00Z,M,PSG63,1.1,0.5,2,0,2022-01-25T09:58:00Z,1,20589759,2,23,3,6,01/25,2022-01-25T09:57:00Z,24.97,61.3
526,2022-01-25T00:00:00Z,M,JR78,1.1,0.5,1,0,2022-01-25T11:01:00Z,0,20589711,2,23,3,6,01/25,2022-01-25T10:58:00Z,24.63,59.62
527,2022-01-25T00:00:00Z,M,AJG81,1.1,0.5,1,0,2022-01-25T11:07:00Z,1,20589718,1,23,3,6,01/25,2022-01-25T11:06:00Z,25.11,54.52
528,2022-01-25T00:00:00Z,M,FL82,1.1,0.5,1,0,2022-01-25T11:41:00Z,1,20589732,2,23,3,6,01/25,2022-01-25T11:39:00Z,24.8,59.11
529,2022-01-25T00:00:00Z,M,MD82,1.1,0.44999999999999996,-1,-1,2022-01-25T11:46:00Z,1,20589746,2,23,3,6,01/25,2022-01-25T11:44:00Z,24.46,57.47
530,2022-01-25T00:00:00Z,M,BC83,1.1,0.5,1,0,2022-01-25T12:01:00Z,1,20589762,2,23,3,6,01/25,2022-01-25T11:58:00Z,24.34,58.57
532,2022-01-25T00:00:00Z,T,DBN73,1.1,0.34,1,0,2022-01-25T14:24:00Z,1,20589746,2,23,3,6,01/25,2022-01-25T14:24:00Z,24.15,60.23
533,2022-01-25T00:00:00Z,T,CSB82,1.1,0.44999999999999996,1,0,2022-01-25T14:25:00Z,0,20589764,2,23,3,6,01/25,2022-01-25T14:25:00Z,24.65,58.76
534,2022-01-25T00:00:00Z,T,LR80,1.1,0.5,1,-1,2022-01-25T14:24:00Z,1,20589718,1,23,3,6,01/25,2022-01-25T14:21:00Z,25.06,57.1
535,2022-01-25T00:00:00Z,T,SH76,1.1,0.29,1,-1,2022-01-25T14:26:00Z,0,20589718,1,23,3,6,01/25,2022-01-25T14:26:00Z,25.09,57.76
536,2022-01-25T00:00:00Z,T,GA84,1.1,0.44999999999999996,2,0,2022-01-25T14:26:00Z,0,20589755,2,23,3,6,01/25,2022-01-25T14:23:00Z,24.27,60.94
537,2022-01-25T00:00:00Z,T,SBP62,1.1,0.5,1,0,2022-01-25T14:27:00Z,1,20589744,2,23,3,6,01/25,2022-01-25T14:25:00Z,24.9,61.16
538,2022-01-25T00:00:00Z,T,RS68,1.1,0.5,1,0,2022-01-25T14:28:00Z,0,20589711,2,23,3,6,01/25,2022-01-25T14:28:00Z,24.58,61.65
539,2022-01-25T00:00:00Z,T,MD82,1.1,0.44999999999999996,-1,-1,2022-01-25T14:30:00Z,1,20589746,2,23,3,6,01/25,2022-01-25T14:29:00Z,24.27,59.99
540,2022-01-25T00:00:00Z,T,GHF60,1.1,0.5,1,0,2022-01-25T14:31:00Z,1,20589718,1,23,3,6,01/25,2022-01-25T14:31:00Z,25.16,57.98
541,2022-01-25T00:00:00Z,T,BC83,1.1,0.5,1,0,2022-01-25T14:32:00Z,1,20589762,2,23,3,6,01/25,2022-01-25T14:28:00Z,24.15,60.84
542,2022-01-25T00:00:00Z,T,AJG81,1.1,0.5,1,-1,2022-01-25T14:32:00Z,1,20589718,1,23,3,6,01/25,2022-01-25T14:31:00Z,25.16,57.98
543,2022-01-25T00:00:00Z,T,AFS63,1.58,0.5,1,0,2022-01-25T14:35:00Z,1,20589755,2,23,3,6,01/25,2022-01-25T14:33:00Z,24.46,60.89
545,2022-01-25T00:00:00Z,T,MK63,1.1,0.5,1,0,2022-01-25T14:38:00Z,0,20589746,2,23,3,6,01/25,2022-01-25T14:34:00Z,24.36,60.18
546,2022-01-25T00:00:00Z,T,JR78,1.1,0.5,1,-1,2022-01-25T14:48:00Z,0,20589711,2,23,3,6,01/25,2022-01-25T14:48:00Z,24.82,60.13
547,2022-01-25T00:00:00Z,T,FL82,1.1,0.5,1,0,2022-01-25T15:01:00Z,1,20589732,2,23,3,6,01/25,2022-01-25T14:59:00Z,24.75,62.84
548,2022-01-25T00:00:00Z,T,JF79,1.1,0.58,1,0,2022-01-25T15:04:00Z,1,20589707,1,23,3,6,01/25,2022-01-25T15:01:00Z,25.04,58.59
549,2022-01-25T00:00:00Z,T,PSG63,1.1,0.5,2,0,2022-01-25T15:07:00Z,1,20589759,2,23,3,6,01/25,2022-01-25T15:07:00Z,24.85,61.74
550,2022-01-25T00:00:00Z,T,JH72,1.1,0.5,1,-1,2022-01-25T15:11:00Z,1,20589711,2,23,3,6,01/25,2022-01-25T15:08:00Z,24.63,63.6
551,2022-01-25T00:00:00Z,T,SBP62,1.1,0.5,1,0,2022-01-25T16:29:00Z,1,20589744,2,23,3,6,01/25,2022-01-25T16:25:00Z,24.92,62.79
552,2022-01-25T00:00:00Z,T,MK63,1.1,0.5,1,0,2022-01-25T16:29:00Z,0,20589746,2,23,3,6,01/25,2022-01-25T16:29:00Z,24.39,58.11
553,2022-01-25T00:00:00Z,T,SH76,1.58,0.29,1,-1,2022-01-25T16:30:00Z,0,20589718,1,23,3,6,01/25,2022-01-25T16:26:00Z,24.9,55.62
554,2022-01-25T00:00:00Z,T,JH72,1.1,0.5,1,-1,2022-01-25T16:31:00Z,1,20589711,2,23,3,6,01/25,2022-01-25T16:28:00Z,24.65,61.69
555,2022-01-25T00:00:00Z,T,DBN73,1.58,0.34,1,0,2022-01-25T16:32:00Z,1,20589746,2,23,3,6,01/25,2022-01-25T16:29:00Z,24.39,58.11
556,2022-01-25T00:00:00Z,T,CSB82,1.1,0.44999999999999996,1,0,2022-01-25T16:33:00Z,0,20589764,2,23,3,6,01/25,2022-01-25T16:30:00Z,24.68,57.08
557,2022-01-25T00:00:00Z,T,LR80,1.1,0.5,1,-1,2022-01-25T16:38:00Z,1,20589718,1,23,3,6,01/25,2022-01-25T16:36:00Z,24.82,55.62
558,2022-01-25T00:00:00Z,T,AJG81,1.1,0.5,1,-1,2022-01-25T16:40:00Z,1,20589718,1,23,3,6,01/25,2022-01-25T16:36:00Z,24.82,55.62
560,2022-01-25T00:00:00Z,T,FL82,1.1,0.5,1,0,2022-01-25T16:42:00Z,1,20589732,2,23,3,6,01/25,2022-01-25T16:39:00Z,25.04,58.47
561,2022-01-25T00:00:00Z,T,BC83,1.1,0.5,-1,-1,2022-01-25T16:44:00Z,0,20589762,2,23,3,6,01/25,2022-01-25T16:43:00Z,24.36,59.59
562,2022-01-25T00:00:00Z,T,PSG63,1.1,0.5,2,0,2022-01-25T16:44:00Z,1,20589759,2,23,3,6,01/25,2022-01-25T16:42:00Z,24.99,59.23
564,2022-01-25T00:00:00Z,T,GA84,1.1,0.44999999999999996,1,0,2022-01-25T16:47:00Z,0,20589755,2,23,3,6,01/25,2022-01-25T16:43:00Z,24.7,58.54
565,2022-01-25T00:00:00Z,T,PMC78,1.1,0.58,1,-1,2022-01-25T17:45:00Z,1,20589728,1,23,3,6,01/25,2022-01-25T17:44:00Z,26.33,56.01
566,2022-01-25T00:00:00Z,T,AFS63,1.58,0.5,-1,1,2022-01-25T18:03:00Z,0,20589755,2,23,3,6,01/25,2022-01-25T18:03:00Z,24.65,65.92
567,2022-01-26T00:00:00Z,M,CSB82,1.1,0.34,1,0,2022-01-26T08:51:00Z,1,20589764,2,26,3,7,01/26,2022-01-26T08:50:00Z,25.19,59.64
569,2022-01-26T00:00:00Z,M,DBN73,1.1,0.44999999999999996,1,0,2022-01-26T08:51:00Z,1,20589746,2,26,3,7,01/26,2022-01-26T08:49:00Z,24.56,63.77
570,2022-01-26T00:00:00Z,M,RS68,1.1,0.5,1,-1,2022-01-26T08:51:00Z,1,20589711,2,26,3,7,01/26,2022-01-26T08:48:00Z,24.7,68.04
571,2022-01-26T00:00:00Z,M,MK63,1.1,0.5,1,0,2022-01-26T08:52:00Z,0,20589746,2,26,3,7,01/26,2022-01-26T08:49:00Z,24.56,63.77
572,2022-01-26T00:00:00Z,M,SH76,1.1,0.5,2,0,2022-01-26T08:52:00Z,0,20589718,1,26,3,7,01/26,2022-01-26T08:51:00Z,24.1,62.99
574,2022-01-26T00:00:00Z,M,MD82,1.1,0.29,1,0,2022-01-26T08:53:00Z,1,20589746,2,26,3,7,01/26,2022-01-26T08:49:00Z,24.56,63.77
575,2022-01-26T00:00:00Z,M,PSG63,1.1,0.5,2,0,2022-01-26T08:53:00Z,1,20589759,2,26,3,7,01/26,2022-01-26T08:52:00Z,25.23,66.21
576,2022-01-26T00:00:00Z,M,JR78,1.1,0.5,1,-1,2022-01-26T08:56:00Z,1,20589711,2,26,3,7,01/26,2022-01-26T08:53:00Z,24.77,66.8
577,2022-01-26T00:00:00Z,M,BC83,1.1,0.5,-1,-1,2022-01-26T08:56:00Z,0,20589762,2,26,3,7,01/26,2022-01-26T08:53:00Z,24.48,64.5
578,2022-01-26T00:00:00Z,M,LR80,1.1,0.5,1,-1,2022-01-26T08:52:00Z,1,20589718,1,26,3,7,01/26,2022-01-26T08:51:00Z,24.1,62.99
579,2022-01-26T00:00:00Z,M,FOC75,1.1,0.5,1,0,2022-01-26T08:56:00Z,0,20589755,2,26,3,7,01/26,2022-01-26T08:53:00Z,24.75,63.06
580,2022-01-26T00:00:00Z,M,JF79,1.1,0.5,1,0,2022-01-26T08:57:00Z,0,20589707,1,26,3,7,01/26,2022-01-26T08:56:00Z,24.8,58.74
581,2022-01-26T00:00:00Z,M,PMC78,1.1,0.58,1,-1,2022-01-26T09:05:00Z,0,20589728,1,26,3,7,01/26,2022-01-26T09:04:00Z,24.32,66.38
582,2022-01-26T00:00:00Z,M,FL82,1.1,0.5,1,-1,2022-01-26T09:05:00Z,0,20589732,2,26,3,7,01/26,2022-01-26T09:04:00Z,25.53,65.04
583,2022-01-26T00:00:00Z,M,SBP62,1.1,0.5,1,0,2022-01-26T09:07:00Z,1,20589744,2,26,3,7,01/26,2022-01-26T09:05:00Z,25.26,66.09
584,2022-01-26T00:00:00Z,M,JH72,1.58,0.5,1,-1,2022-01-26T09:16:00Z,1,20589711,2,26,3,7,01/26,2022-01-26T09:13:00Z,25.16,64.11
585,2022-01-26T00:00:00Z,M,CA01,1.1,0.5,2,0,2022-01-26T09:45:00Z,1,20589707,1,26,3,7,01/26,2022-01-26T09:41:00Z,24.94,56.57
587,2022-01-26T00:00:00Z,M,AFS63,1.1,0.5,1,0,2022-01-26T12:01:00Z,0,20589755,2,26,3,7,01/26,2022-01-26T11:58:00Z,25.36,56.23
588,2022-01-26T00:00:00Z,T,AC92,1.58,0.5,-1,-1,2022-01-26T12:42:00Z,1,20589707,1,23,3,7,01/26,2022-01-26T12:41:00Z,24.87,58.06
589,2022-01-26T00:00:00Z,T,AC92,1.58,0.5,-1,-1,2022-01-26T12:43:00Z,1,20589707,1,23,3,7,01/26,2022-01-26T12:41:00Z,24.87,58.06
590,2022-01-26T00:00:00Z,T,GA84,1.1,0.44999999999999996,2,0,2022-01-26T14:27:00Z,0,20589755,2,23,3,7,01/26,2022-01-26T14:23:00Z,25.02,56.93
591,2022-01-26T00:00:00Z,T,MK63,1.1,0.5,1,0,2022-01-26T14:27:00Z,0,20589746,2,23,3,7,01/26,2022-01-26T14:24:00Z,24.65,58.11
592,2022-01-26T00:00:00Z,T,SH76,1.1,0.5,1,-1,2022-01-26T14:28:00Z,0,20589718,1,23,3,7,01/26,2022-01-26T14:26:00Z,25.11,59.28
593,2022-01-26T00:00:00Z,T,DBN73,1.1,0.44999999999999996,1,0,2022-01-26T14:29:00Z,1,20589746,2,23,3,7,01/26,2022-01-26T14:29:00Z,24.6,60.72
594,2022-01-26T00:00:00Z,T,MD82,1.1,0.29,-1,-1,2022-01-26T14:29:00Z,1,20589746,2,23,3,7,01/26,2022-01-26T14:29:00Z,24.6,60.72
596,2022-01-26T00:00:00Z,T,CSB82,1.1,0.34,1,0,2022-01-26T14:29:00Z,0,20589764,2,23,3,7,01/26,2022-01-26T14:25:00Z,24.97,58.47
597,2022-01-26T00:00:00Z,T,SBP62,1.1,0.5,1,0,2022-01-26T14:34:00Z,1,20589744,2,23,3,7,01/26,2022-01-26T14:30:00Z,25.4,61.11
598,2022-01-26T00:00:00Z,T,JR78,1.1,0.5,-1,-1,2022-01-26T14:35:00Z,0,20589711,2,23,3,7,01/26,2022-01-26T14:33:00Z,25.23,60.99
599,2022-01-26T00:00:00Z,T,PSG63,1.1,0.5,2,0,2022-01-26T14:35:00Z,1,20589759,2,23,3,7,01/26,2022-01-26T14:32:00Z,25.4,60.21
600,2022-01-26T00:00:00Z,T,FL82,1.1,0.5,1,-1,2022-01-26T14:37:00Z,1,20589732,2,23,3,7,01/26,2022-01-26T14:34:00Z,25.4,60.6
601,2022-01-26T00:00:00Z,T,FOC75,1.1,0.5,1,0,2022-01-26T14:37:00Z,0,20589755,2,23,3,7,01/26,2022-01-26T14:33:00Z,24.92,60.55
602,2022-01-26T00:00:00Z,T,LR80,1.1,0.5,1,-1,2022-01-26T14:39:00Z,1,20589718,1,23,3,7,01/26,2022-01-26T14:36:00Z,25.21,60.3
603,2022-01-26T00:00:00Z,T,GHF60,1.1,0.5,1,0,2022-01-26T14:39:00Z,1,20589718,1,23,3,7,01/26,2022-01-26T14:36:00Z,25.21,60.3
604,2022-01-26T00:00:00Z,T,AJG81,1.1,0.5,1,-1,2022-01-26T14:50:00Z,1,20589718,1,23,3,7,01/26,2022-01-26T14:46:00Z,25.28,60.72
605,2022-01-26T00:00:00Z,T,BC83,1.1,0.5,1,0,2022-01-26T15:08:00Z,1,20589762,2,23,3,7,01/26,2022-01-26T15:08:00Z,24.53,62.74
606,2022-01-26T00:00:00Z,T,JH72,1.1,0.5,-1,-1,2022-01-26T15:49:00Z,0,20589711,2,23,3,7,01/26,2022-01-26T15:48:00Z,25.16,62.52
607,2022-01-26T00:00:00Z,T,MK63,1.1,0.5,1,0,2022-01-26T16:27:00Z,1,20589746,2,23,3,7,01/26,2022-01-26T16:24:00Z,24.92,66.43
608,2022-01-26T00:00:00Z,T,GA84,1.1,0.44999999999999996,2,0,2022-01-26T16:28:00Z,0,20589755,2,23,3,7,01/26,2022-01-26T16:28:00Z,25.09,66.65
609,2022-01-26T00:00:00Z,T,GHF60,1.1,0.5,1,0,2022-01-26T16:28:00Z,1,20589718,1,23,3,7,01/26,2022-01-26T16:26:00Z,25.5,65.75
610,2022-01-26T00:00:00Z,T,DBN73,1.1,0.44999999999999996,1,0,2022-01-26T16:28:00Z,1,20589746,2,23,3,7,01/26,2022-01-26T16:24:00Z,24.92,66.43
611,2022-01-26T00:00:00Z,T,CSB82,1.1,0.34,1,-1,2022-01-26T16:28:00Z,0,20589764,2,23,3,7,01/26,2022-01-26T16:25:00Z,25.19,66.38
612,2022-01-26T00:00:00Z,T,BC83,1.1,0.5,1,0,2022-01-26T16:30:00Z,1,20589762,2,23,3,7,01/26,2022-01-26T16:28:00Z,24.73,67.5
614,2022-01-26T00:00:00Z,T,PSG63,1.58,0.5,1,-1,2022-01-26T16:32:00Z,1,20589759,2,23,3,7,01/26,2022-01-26T16:32:00Z,25.6,64.6
615,2022-01-26T00:00:00Z,T,JF79,1.1,0.5,1,0,2022-01-26T16:36:00Z,0,20589707,1,23,3,7,01/26,2022-01-26T16:36:00Z,25.4,66.65
616,2022-01-26T00:00:00Z,T,FOC75,1.1,0.5,1,0,2022-01-26T16:38:00Z,0,20589755,2,23,3,7,01/26,2022-01-26T16:38:00Z,25.04,67.87
618,2022-01-26T00:00:00Z,T,JR78,1.1,0.5,1,-1,2022-01-26T16:39:00Z,1,20589711,2,23,3,7,01/26,2022-01-26T16:38:00Z,25.23,67.41
619,2022-01-26T00:00:00Z,T,SBP62,1.1,0.5,1,0,2022-01-26T16:40:00Z,1,20589744,2,23,3,7,01/26,2022-01-26T16:40:00Z,25.28,67.43
620,2022-01-26T00:00:00Z,T,LR80,1.1,0.5,-1,-1,2022-01-26T16:41:00Z,1,20589718,1,23,3,7,01/26,2022-01-26T16:41:00Z,25.23,64.18
621,2022-01-26T00:00:00Z,T,MD82,1.1,0.29,-1,-1,2022-01-26T16:49:00Z,1,20589746,2,23,3,7,01/26,2022-01-26T16:49:00Z,24.92,66.87
622,2022-01-26T00:00:00Z,T,FOC75,1.1,0.5,1,0,2022-01-26T17:02:00Z,0,20589755,2,23,3,7,01/26,2022-01-26T16:58:00Z,25.21,65.11
623,2022-01-26T00:00:00Z,T,JH72,1.1,0.5,2,0,2022-01-26T17:34:00Z,1,20589711,2,23,3,7,01/26,2022-01-26T17:33:00Z,25.11,63.84
624,2022-01-27T00:00:00Z,M,SBP62,1.1,0.44999999999999996,2,0,2022-01-27T09:17:00Z,0,20589744,2,26,3,7,01/27,2022-01-27T09:15:00Z,25.79,65.23
625,2022-01-27T00:00:00Z,M,RS68,1.1,0.5,1,-1,2022-01-27T09:22:00Z,1,20589711,2,26,3,7,01/27,2022-01-27T09:18:00Z,25.6,65.53
626,2022-01-27T00:00:00Z,M,AD03,1.58,0.5,2,0,2022-01-27T09:33:00Z,1,20589718,1,26,3,7,01/27,2022-01-27T09:31:00Z,24.94,59.59
627,2022-01-27T00:00:00Z,M,JF79,1.1,0.5,-1,1,2022-01-27T10:03:00Z,0,20589707,1,26,3,7,01/27,2022-01-27T10:01:00Z,25.09,60.23
628,2022-01-27T00:00:00Z,M,JH72,1.1,0.5,1,-1,2022-01-27T10:13:00Z,1,20589711,2,26,3,7,01/27,2022-01-27T10:13:00Z,25.74,65.09
629,2022-01-27T00:00:00Z,M,SBP62,1.1,0.44999999999999996,1,0,2022-01-27T11:07:00Z,0,20589744,2,26,3,7,01/27,2022-01-27T11:05:00Z,26.04,66.21
630,2022-01-27T00:00:00Z,M,JH72,1.1,0.5,1,-1,2022-01-27T11:07:00Z,1,20589711,2,26,3,7,01/27,2022-01-27T11:03:00Z,25.87,66.85
631,2022-01-27T00:00:00Z,M,JF79,1.1,0.58,1,1,2022-01-27T11:11:00Z,0,20589707,1,26,3,7,01/27,2022-01-27T11:11:00Z,25.11,59.18
632,2022-01-27T00:00:00Z,M,PMC78,1.1,0.58,-1,-1,2022-01-27T11:38:00Z,1,20589728,1,26,3,7,01/27,2022-01-27T11:34:00Z,26.43,57.98
633,2022-01-27T00:00:00Z,M,CA01,1.1,0.44999999999999996,2,0,2022-01-27T11:42:00Z,0,20589707,1,26,3,7,01/27,2022-01-27T11:41:00Z,24.97,58.25
634,2022-01-27T00:00:00Z,M,AD03,1.1,0.5,2,0,2022-01-27T12:02:00Z,0,20589718,1,26,3,7,01/27,2022-01-27T12:01:00Z,25.06,59.08
635,2022-01-27T00:00:00Z,T,RS68,1.1,0.5,1,-1,2022-01-27T15:34:00Z,1,20589711,2,24,3,7,01/27,2022-01-27T15:33:00Z,25.6,63.75
636,2022-01-27T00:00:00Z,T,PMC78,1.1,0.58,-1,0,2022-01-27T15:43:00Z,1,20589728,1,24,3,7,01/27,2022-01-27T15:39:00Z,26.23,55.3
637,2022-01-27T00:00:00Z,T,JH72,1.1,0.5,-1,-1,2022-01-27T15:46:00Z,0,20589711,2,24,3,7,01/27,2022-01-27T15:43:00Z,25.57,63.57
638,2022-01-27T00:00:00Z,T,SBP62,1.1,0.44999999999999996,1,0,2022-01-27T15:59:00Z,0,20589744,2,24,3,7,01/27,2022-01-27T15:55:00Z,25.91,62.92
639,2022-01-27T00:00:00Z,T,JF79,1.58,0.58,-2,1,2022-01-27T16:06:00Z,0,20589707,1,24,3,7,01/27,2022-01-27T16:06:00Z,24.22,59.23
640,2022-01-28T00:00:00Z,M,SBP62,1.1,0.5,1,0,2022-01-28T09:25:00Z,1,20589744,2,24,3,8,01/28,2022-01-28T09:25:00Z,25.43,62.16
641,2022-01-28T00:00:00Z,M,AD03,1.1,0.5,2,0,2022-01-28T09:26:00Z,1,20589718,1,24,3,8,01/28,2022-01-28T09:26:00Z,24.44,60.91
642,2022-01-28T00:00:00Z,M,JH72,1.1,0.5,2,0,2022-01-28T09:26:00Z,1,20589711,2,24,3,8,01/28,2022-01-28T09:23:00Z,24.34,66.43
643,2022-01-28T00:00:00Z,M,CA01,1.1,0.58,2,0,2022-01-28T09:29:00Z,0,20589707,1,24,3,8,01/28,2022-01-28T09:26:00Z,24.39,60.03
644,2022-01-28T00:00:00Z,M,JF79,1.1,0.8799999999999999,1,0,2022-01-28T10:19:00Z,0,20589707,1,24,3,8,01/28,2022-01-28T10:16:00Z,23.95,63.5
645,2022-01-28T00:00:00Z,M,PMC78,1.1,0.58,1,-1,2022-01-28T10:21:00Z,1,20589728,1,24,3,8,01/28,2022-01-28T10:19:00Z,26.08,57.69
646,2022-01-28T00:00:00Z,M,AD03,1.58,0.5,2,0,2022-01-28T10:56:00Z,0,20589718,1,24,3,8,01/28,2022-01-28T10:56:00Z,24.94,66.16
647,2022-01-28T00:00:00Z,M,SBP62,1.1,0.5,1,0,2022-01-28T10:57:00Z,1,20589744,2,24,3,8,01/28,2022-01-28T10:55:00Z,25.5,63.53
648,2022-01-28T00:00:00Z,M,CA01,1.1,0.58,2,0,2022-01-28T11:17:00Z,0,20589707,1,24,3,8,01/28,2022-01-28T11:16:00Z,24.73,67.53
649,2022-01-28T00:00:00Z,M,JH72,1.1,0.5,2,0,2022-01-28T11:31:00Z,1,20589711,2,24,3,8,01/28,2022-01-28T11:28:00Z,24.36,68.92
650,2022-01-28T00:00:00Z,M,GR95,1.1,0.58,-1,-1,2022-01-28T11:51:00Z,1,20589746,2,24,3,8,01/28,2022-01-28T11:49:00Z,24.24,65.75
651,2022-01-28T00:00:00Z,T,RS68,1.1,0.5,1,0,2022-01-28T15:19:00Z,0,20589711,2,24,3,8,01/28,2022-01-28T15:18:00Z,24.27,64.01
652,2022-01-28T00:00:00Z,T,SBP62,1.1,0.5,1,0,2022-01-28T15:21:00Z,1,20589744,2,24,3,8,01/28,2022-01-28T15:20:00Z,25.21,59.67
653,2022-01-28T00:00:00Z,T,PMC78,1.1,0.58,-1,-1,2022-01-28T15:27:00Z,0,20589728,1,24,3,8,01/28,2022-01-28T15:24:00Z,25.79,57.03
654,2022-01-28T00:00:00Z,T,AC92,1.1,0.44999999999999996,2,0,2022-01-28T15:39:00Z,0,20589707,1,24,3,8,01/28,2022-01-28T15:36:00Z,23.83,61.5
655,2022-01-28T00:00:00Z,T,JH72,1.1,0.5,1,-1,2022-01-28T15:52:00Z,0,20589711,2,24,3,8,01/28,2022-01-28T15:48:00Z,24.24,63.06
656,2022-02-15T00:00:00Z,M,FOC75,1.1,0.5,1,0,2022-02-15T09:17:00Z,0,20589755,2,24,4,8,02/15,2022-02-15T09:13:00Z,25.06,54.49
657,2022-02-15T00:00:00Z,M,SBP62,1.1,0.5,2,0,2022-02-15T09:18:00Z,1,20589744,2,24,4,8,02/15,2022-02-15T09:17:00Z,25.65,54.76
658,2022-02-15T00:00:00Z,M,CSB82,1.1,0.44999999999999996,1,0,2022-02-15T09:18:00Z,0,20589764,2,24,4,8,02/15,2022-02-15T09:14:00Z,25.09,54.03
659,2022-02-15T00:00:00Z,M,AD03,1.1,0.5,2,0,2022-02-15T09:20:00Z,0,20589718,1,24,4,8,02/15,2022-02-15T09:20:00Z,24.65,55.2
660,2022-02-15T00:00:00Z,M,LR80,1.1,0.5,1,-1,2022-02-15T09:33:00Z,1,20589718,1,24,4,8,02/15,2022-02-15T09:30:00Z,24.56,55.18
661,2022-02-15T00:00:00Z,M,JH72,1.1,0.5,1,-1,2022-02-15T09:36:00Z,0,20589711,2,24,4,8,02/15,2022-02-15T09:34:00Z,25.23,55.83
662,2022-02-15T00:00:00Z,M,RS68,1.1,0.5,1,0,2022-02-15T10:10:00Z,0,20589711,2,24,4,8,02/15,2022-02-15T10:09:00Z,25.28,54.88
663,2022-02-15T00:00:00Z,M,MD82,1.1,0.44999999999999996,-1,-1,2022-02-15T10:11:00Z,0,20589746,2,24,4,8,02/15,2022-02-15T10:08:00Z,24.36,56.13
664,2022-02-15T00:00:00Z,M,BC83,1.1,0.5,1,0,2022-02-15T10:12:00Z,1,20589762,2,24,4,8,02/15,2022-02-15T10:09:00Z,24.77,54.98
665,2022-02-15T00:00:00Z,M,DW57,1.1,0.58,1,0,2022-02-15T10:49:00Z,0,20589759,2,24,4,8,02/15,2022-02-15T10:49:00Z,25.36,54.54
667,2022-02-15T00:00:00Z,M,CSB82,1.1,0.44999999999999996,1,0,2022-02-15T11:01:00Z,0,20589764,2,24,4,8,02/15,2022-02-15T10:59:00Z,24.8,53.37
668,2022-02-15T00:00:00Z,M,SBP62,1.1,0.5,2,0,2022-02-15T11:02:00Z,1,20589744,2,24,4,8,02/15,2022-02-15T11:02:00Z,25.57,53.34
669,2022-02-15T00:00:00Z,M,SH76,1.1,0.5,1,-1,2022-02-15T11:02:00Z,0,20589718,1,24,4,8,02/15,2022-02-15T11:00:00Z,24.51,53.86
670,2022-02-15T00:00:00Z,M,RS68,1.1,0.5,1,-1,2022-02-15T11:03:00Z,0,20589711,2,24,4,8,02/15,2022-02-15T10:59:00Z,25.31,52.98
671,2022-02-15T00:00:00Z,M,FL82,1.1,0.5,1,0,2022-02-15T11:05:00Z,0,20589732,2,24,4,8,02/15,2022-02-15T11:05:00Z,25.53,52.81
672,2022-02-15T00:00:00Z,M,LR80,1.1,0.5,1,-1,2022-02-15T11:06:00Z,1,20589718,1,24,4,8,02/15,2022-02-15T11:05:00Z,24.53,53.64
673,2022-02-15T00:00:00Z,M,RBJ82,1.58,0.5,1,-1,2022-02-15T11:06:00Z,0,20589762,2,24,4,8,02/15,2022-02-15T11:04:00Z,24.87,53.22
674,2022-02-15T00:00:00Z,M,JH72,1.1,0.5,1,0,2022-02-15T11:07:00Z,0,20589711,2,24,4,8,02/15,2022-02-15T11:04:00Z,25.33,52.78
675,2022-02-15T00:00:00Z,M,JF79,1.1,0.8799999999999999,1,0,2022-02-15T11:08:00Z,0,20589707,1,24,4,8,02/15,2022-02-15T11:06:00Z,24.46,53.66
676,2022-02-15T00:00:00Z,M,AD03,1.1,0.5,2,0,2022-02-15T11:11:00Z,0,20589718,1,24,4,8,02/15,2022-02-15T11:10:00Z,24.56,53.47
677,2022-02-15T00:00:00Z,M,BC83,1.1,0.5,1,-1,2022-02-15T11:42:00Z,1,20589762,2,24,4,8,02/15,2022-02-15T11:39:00Z,24.94,51.34
678,2022-02-15T00:00:00Z,M,CAD82,1.1,0.5,1,-1,2022-02-15T12:28:00Z,1,20589732,2,24,4,8,02/15,2022-02-15T12:25:00Z,25.57,50.59
679,2022-02-15T00:00:00Z,T,AXO82,1.58,0.5,1,0,2022-02-15T13:16:00Z,0,20589746,2,24,4,8,02/15,2022-02-15T13:13:00Z,24.58,50
680,2022-02-15T00:00:00Z,T,MK63,1.58,0.5,1,0,2022-02-15T14:14:00Z,0,20589746,2,24,4,8,02/15,2022-02-15T14:13:00Z,24.51,49.34
681,2022-02-15T00:00:00Z,T,PMC78,1.1,0.58,1,0,2022-02-15T15:45:00Z,0,20589728,1,24,4,8,02/15,2022-02-15T15:43:00Z,26.04,46.31
682,2022-02-15T00:00:00Z,T,CSB82,1.1,0.44999999999999996,1,0,2022-02-15T16:00:00Z,0,20589764,2,24,4,8,02/15,2022-02-15T15:59:00Z,24.92,48.27
683,2022-02-15T00:00:00Z,T,SBP62,1.1,0.5,2,0,2022-02-15T16:00:00Z,1,20589744,2,24,4,8,02/15,2022-02-15T15:57:00Z,25.74,47.63
684,2022-02-15T00:00:00Z,T,AXO82,1.1,0.5,1,0,2022-02-15T16:01:00Z,0,20589746,2,24,4,8,02/15,2022-02-15T15:58:00Z,24.39,49.78
685,2022-02-15T00:00:00Z,T,RS68,1.1,0.5,1,-1,2022-02-15T16:01:00Z,1,20589711,2,24,4,8,02/15,2022-02-15T15:59:00Z,25.87,47.29
687,2022-02-15T00:00:00Z,T,SH76,1.1,0.5,1,-1,2022-02-15T16:03:00Z,0,20589718,1,24,4,8,02/15,2022-02-15T16:00:00Z,24.15,50.22
688,2022-02-15T00:00:00Z,T,RBJ82,1.1,0.5,1,-1,2022-02-15T16:06:00Z,0,20589762,2,24,4,8,02/15,2022-02-15T16:04:00Z,25.11,48.02
689,2022-02-15T00:00:00Z,T,LR80,1.1,0.5,1,-1,2022-02-15T16:13:00Z,1,20589718,1,24,4,8,02/15,2022-02-15T16:10:00Z,24.1,50.34
690,2022-02-15T00:00:00Z,T,BC83,1.1,0.5,1,-1,2022-02-15T16:48:00Z,1,20589762,2,24,4,8,02/15,2022-02-15T16:44:00Z,24.92,49.8
691,2022-02-15T00:00:00Z,T,FOC75,1.1,0.5,1,0,2022-02-15T16:56:00Z,0,20589755,2,24,4,8,02/15,2022-02-15T16:53:00Z,24.75,50.68
692,2022-02-15T00:00:00Z,T,MD82,1.1,0.44999999999999996,1,0,2022-02-15T17:36:00Z,0,20589746,2,24,4,8,02/15,2022-02-15T17:33:00Z,24.15,52.44
693,2022-02-15T00:00:00Z,T,FOC75,1.1,0.5,1,0,2022-02-15T17:46:00Z,0,20589755,2,24,4,8,02/15,2022-02-15T17:43:00Z,24.58,51.44
694,2022-02-16T00:00:00Z,M,CSB82,1.1,0.34,1,0,2022-02-16T09:46:00Z,0,20589764,2,25,4,9,02/16,2022-02-16T09:44:00Z,24.56,54
695,2022-02-16T00:00:00Z,M,SH76,1.58,0.5,2,0,2022-02-16T09:46:00Z,0,20589718,1,25,4,9,02/16,2022-02-16T09:45:00Z,24.34,54.52
696,2022-02-16T00:00:00Z,M,JR78,1.1,0.5,-1,0,2022-02-16T09:46:00Z,1,20589711,2,25,4,9,02/16,2022-02-16T09:44:00Z,25.21,54.61
698,2022-02-16T00:00:00Z,M,RS68,1.1,0.5,1,0,2022-02-16T09:47:00Z,0,20589711,2,25,4,9,02/16,2022-02-16T09:44:00Z,25.21,54.61
699,2022-02-16T00:00:00Z,M,AXO82,1.58,0.5,1,0,2022-02-16T09:48:00Z,0,20589746,2,25,4,9,02/16,2022-02-16T09:48:00Z,24.19,55.03
700,2022-02-16T00:00:00Z,M,MK63,1.58,0.5,1,0,2022-02-16T09:54:00Z,0,20589746,2,25,4,9,02/16,2022-02-16T09:53:00Z,24.22,55.15
701,2022-02-16T00:00:00Z,M,JF79,1.58,0.8799999999999999,-1,1,2022-02-16T09:54:00Z,0,20589707,1,25,4,9,02/16,2022-02-16T09:51:00Z,24.05,54.76
702,2022-02-16T00:00:00Z,M,CA01,1.1,0.5,2,0,2022-02-16T09:57:00Z,0,20589707,1,25,4,9,02/16,2022-02-16T09:56:00Z,24.07,54.61
703,2022-02-16T00:00:00Z,M,FOC75,1.1,0.5,1,0,2022-02-16T10:09:00Z,0,20589755,2,25,4,9,02/16,2022-02-16T10:08:00Z,24.68,53.61
704,2022-02-16T00:00:00Z,M,DW57,1.1,0.5,2,0,2022-02-16T10:10:00Z,0,20589759,2,25,4,9,02/16,2022-02-16T10:09:00Z,25.36,53.78
705,2022-02-16T00:00:00Z,M,JH72,1.1,0.5,1,0,2022-02-16T10:35:00Z,1,20589711,2,25,4,9,02/16,2022-02-16T10:34:00Z,25.33,52.54
706,2022-02-16T00:00:00Z,M,JH72,1.1,0.5,1,0,2022-02-16T10:38:00Z,1,20589711,2,25,4,9,02/16,2022-02-16T10:34:00Z,25.33,52.54
707,2022-02-16T00:00:00Z,M,PMC78,1.1,0.58,1,0,2022-02-16T10:52:00Z,0,20589728,1,25,4,9,02/16,2022-02-16T10:48:00Z,25.89,50.78
708,2022-02-16T00:00:00Z,M,AD03,1.58,0.5,2,0,2022-02-16T10:58:00Z,0,20589718,1,25,4,9,02/16,2022-02-16T10:55:00Z,24.32,52.71
710,2022-02-16T00:00:00Z,T,AXO82,1.1,0.5,1,-1,2022-02-16T14:11:00Z,0,20589746,2,25,4,9,02/16,2022-02-16T14:08:00Z,24.65,54.54
711,2022-02-16T00:00:00Z,T,CSB82,1.1,0.34,-1,-1,2022-02-16T14:11:00Z,0,20589764,2,25,4,9,02/16,2022-02-16T14:09:00Z,24.97,53.37
712,2022-02-16T00:00:00Z,T,SBP62,1.1,0.5,2,0,2022-02-16T14:15:00Z,1,20589744,2,25,4,9,02/16,2022-02-16T14:12:00Z,25.77,53.39
713,2022-02-16T00:00:00Z,T,FOC75,1.58,0.5,1,0,2022-02-16T14:19:00Z,0,20589755,2,25,4,9,02/16,2022-02-16T14:18:00Z,24.94,53.44
714,2022-02-16T00:00:00Z,T,RBJ82,1.1,0.5,-1,-1,2022-02-16T14:20:00Z,0,20589762,2,25,4,9,02/16,2022-02-16T14:19:00Z,25.21,53.39
715,2022-02-16T00:00:00Z,T,PMC78,1.1,0.58,1,-1,2022-02-16T14:24:00Z,0,20589728,1,25,4,9,02/16,2022-02-16T14:23:00Z,26.01,50.88
716,2022-02-16T00:00:00Z,T,MK63,1.1,0.5,1,0,2022-02-16T14:24:00Z,0,20589746,2,25,4,9,02/16,2022-02-16T14:23:00Z,24.63,53.86
717,2022-02-16T00:00:00Z,T,JR78,1.1,0.5,-1,-1,2022-02-16T14:26:00Z,1,20589711,2,25,4,9,02/16,2022-02-16T14:24:00Z,25.65,52.81
718,2022-02-16T00:00:00Z,T,LR80,1.1,0.5,1,-1,2022-02-16T15:13:00Z,1,20589718,1,25,4,9,02/16,2022-02-16T15:10:00Z,24.27,52.91
719,2022-02-16T00:00:00Z,T,BC83,1.1,0.5,-1,-1,2022-02-16T16:07:00Z,1,20589762,2,25,4,9,02/16,2022-02-16T16:04:00Z,25.21,52.15
720,2022-02-16T00:00:00Z,T,DW57,1.1,0.5,1,0,2022-02-16T16:07:00Z,0,20589759,2,25,4,9,02/16,2022-02-16T16:04:00Z,25.7,52.49
721,2022-02-16T00:00:00Z,T,SBP62,1.1,0.5,2,0,2022-02-16T16:08:00Z,1,20589744,2,25,4,9,02/16,2022-02-16T16:07:00Z,25.79,52.78
722,2022-02-16T00:00:00Z,T,CSB82,1.1,0.34,1,0,2022-02-16T16:08:00Z,0,20589764,2,25,4,9,02/16,2022-02-16T16:04:00Z,24.99,51.37
723,2022-02-16T00:00:00Z,T,AXO82,1.1,0.5,1,0,2022-02-16T16:08:00Z,0,20589746,2,25,4,9,02/16,2022-02-16T16:08:00Z,24.39,53.54
724,2022-02-16T00:00:00Z,T,JF79,1.1,0.8799999999999999,1,1,2022-02-16T16:10:00Z,0,20589707,1,25,4,9,02/16,2022-02-16T16:06:00Z,24.05,53.54
725,2022-02-16T00:00:00Z,T,FOC75,1.1,0.5,1,0,2022-02-16T16:18:00Z,0,20589755,2,25,4,9,02/16,2022-02-16T16:18:00Z,24.75,53.3
726,2022-02-16T00:00:00Z,T,MK63,1.1,0.5,1,0,2022-02-16T16:18:00Z,0,20589746,2,25,4,9,02/16,2022-02-16T16:18:00Z,24.34,53.86
727,2022-02-16T00:00:00Z,T,PMC78,1.1,0.58,1,-1,2022-02-16T16:25:00Z,0,20589728,1,25,4,9,02/16,2022-02-16T16:23:00Z,25.96,49.78
728,2022-02-16T00:00:00Z,T,LR80,1.1,0.5,1,-1,2022-02-16T16:46:00Z,1,20589718,1,25,4,9,02/16,2022-02-16T16:45:00Z,24.07,54.05
729,2022-02-17T00:00:00Z,M,MK63,1.1,0.5,1,0,2022-02-17T10:05:00Z,0,20589746,2,24,4,9,02/17,2022-02-17T10:03:00Z,24.82,58.52
730,2022-02-17T00:00:00Z,M,RS68,1.1,0.5,1,0,2022-02-17T10:05:00Z,0,20589711,2,24,4,9,02/17,2022-02-17T10:04:00Z,25.77,57.96
731,2022-02-17T00:00:00Z,M,AD03,1.1,0.5,2,0,2022-02-17T10:07:00Z,0,20589718,1,24,4,9,02/17,2022-02-17T10:05:00Z,25.06,57.84
732,2022-02-17T00:00:00Z,M,AXO82,1.1,0.29,1,0,2022-02-17T10:08:00Z,0,20589746,2,24,4,9,02/17,2022-02-17T10:08:00Z,24.85,59.2
733,2022-02-17T00:00:00Z,M,CA01,1.1,0.8799999999999999,2,0,2022-02-17T10:11:00Z,0,20589707,1,24,4,9,02/17,2022-02-17T10:11:00Z,24.82,59.13
734,2022-02-17T00:00:00Z,M,SBP62,1.1,0.5,2,0,2022-02-17T10:14:00Z,1,20589744,2,24,4,9,02/17,2022-02-17T10:12:00Z,25.82,58.67
735,2022-02-17T00:00:00Z,M,DW57,1.1,0.5,2,0,2022-02-17T10:18:00Z,0,20589759,2,24,4,9,02/17,2022-02-17T10:14:00Z,25.77,58.79
738,2022-02-17T00:00:00Z,M,BC83,1.1,0.5,-1,-1,2022-02-17T10:45:00Z,1,20589762,2,24,4,9,02/17,2022-02-17T10:44:00Z,25.48,60.96
739,2022-02-17T00:00:00Z,M,FOC75,1.1,0.5,1,0,2022-02-17T10:55:00Z,0,20589755,2,24,4,9,02/17,2022-02-17T10:53:00Z,25.33,60.94
740,2022-02-17T00:00:00Z,M,LR80,1.1,0.5,1,-1,2022-02-17T11:01:00Z,1,20589718,1,24,4,9,02/17,2022-02-17T11:00:00Z,25.26,60.21
741,2022-02-17T00:00:00Z,M,GR95,1.1,0.5,-1,-1,2022-02-17T12:16:00Z,1,20589746,2,24,4,9,02/17,2022-02-17T12:13:00Z,24.58,56.67
742,2022-02-17T00:00:00Z,T,CSB82,1.58,0.44999999999999996,-1,-1,2022-02-17T14:10:00Z,0,20589764,2,24,4,9,02/17,2022-02-17T14:09:00Z,24.65,56.42
743,2022-02-17T00:00:00Z,T,DW57,1.1,0.58,1,0,2022-02-17T14:11:00Z,0,20589759,2,24,4,9,02/17,2022-02-17T14:09:00Z,25.53,55.86
744,2022-02-17T00:00:00Z,T,SBP62,1.1,0.44999999999999996,1,0,2022-02-17T14:13:00Z,1,20589744,2,24,4,9,02/17,2022-02-17T14:12:00Z,25.77,55.03
745,2022-02-17T00:00:00Z,T,AC92,1.1,0.44999999999999996,2,0,2022-02-17T14:22:00Z,1,20589707,1,24,4,9,02/17,2022-02-17T14:21:00Z,24.1,57.71
746,2022-02-17T00:00:00Z,T,RS68,1.1,0.5,1,-1,2022-02-17T14:22:00Z,1,20589711,2,24,4,9,02/17,2022-02-17T14:19:00Z,25.53,55.62
747,2022-02-17T00:00:00Z,T,AC92,1.1,0.44999999999999996,2,0,2022-02-17T14:23:00Z,1,20589707,1,24,4,9,02/17,2022-02-17T14:21:00Z,24.1,57.71
748,2022-02-17T00:00:00Z,T,RBJ82,1.1,0.5,-1,-1,2022-02-17T14:23:00Z,0,20589762,2,24,4,9,02/17,2022-02-17T14:19:00Z,24.99,56.05
749,2022-02-17T00:00:00Z,T,MK63,1.58,0.5,1,0,2022-02-17T14:30:00Z,0,20589746,2,24,4,9,02/17,2022-02-17T14:28:00Z,24.34,57.32
750,2022-02-17T00:00:00Z,T,AXO82,1.1,0.29,1,0,2022-02-17T14:31:00Z,0,20589746,2,24,4,9,02/17,2022-02-17T14:28:00Z,24.34,57.32
751,2022-02-17T00:00:00Z,T,JF79,1.1,0.8799999999999999,-1,1,2022-02-17T15:14:00Z,0,20589707,1,24,4,9,02/17,2022-02-17T15:11:00Z,23.98,56.23
752,2022-02-17T00:00:00Z,T,PMC78,1.1,0.58,-1,-1,2022-02-17T15:24:00Z,1,20589728,1,24,4,9,02/17,2022-02-17T15:23:00Z,26.04,53.3
753,2022-02-17T00:00:00Z,T,SBP62,1.1,0.5,2,0,2022-02-17T15:46:00Z,1,20589744,2,24,4,9,02/17,2022-02-17T15:42:00Z,25.84,53.54
754,2022-02-17T00:00:00Z,T,RS68,1.1,0.5,1,-1,2022-02-17T15:49:00Z,1,20589711,2,24,4,9,02/17,2022-02-17T15:49:00Z,25.48,54.22
755,2022-02-17T00:00:00Z,T,RBJ82,1.58,0.5,-1,-1,2022-02-17T15:50:00Z,0,20589762,2,24,4,9,02/17,2022-02-17T15:49:00Z,24.77,54.88
756,2022-02-17T00:00:00Z,T,JR78,1.1,0.5,1,-1,2022-02-17T15:52:00Z,1,20589711,2,24,4,9,02/17,2022-02-17T15:49:00Z,25.48,54.22
757,2022-02-17T00:00:00Z,T,CSB82,1.58,0.44999999999999996,1,0,2022-02-17T15:54:00Z,0,20589764,2,24,4,9,02/17,2022-02-17T15:54:00Z,24.68,55.03
758,2022-02-17T00:00:00Z,T,MK63,1.1,0.5,1,0,2022-02-17T15:56:00Z,0,20589746,2,24,4,9,02/17,2022-02-17T15:53:00Z,24.07,57.18
759,2022-02-17T00:00:00Z,T,FOC75,1.1,0.5,1,0,2022-02-17T15:56:00Z,0,20589755,2,24,4,9,02/17,2022-02-17T15:53:00Z,24.63,55.76
760,2022-02-17T00:00:00Z,T,AXO82,1.58,0.29,1,1,2022-02-17T16:09:00Z,0,20589746,2,24,4,9,02/17,2022-02-17T16:08:00Z,24.17,57.81
761,2022-02-17T00:00:00Z,T,LR80,1.1,0.5,1,-1,2022-02-17T16:12:00Z,1,20589718,1,24,4,9,02/17,2022-02-17T16:10:00Z,24.15,57.06
762,2022-02-17T00:00:00Z,T,BC83,1.1,0.5,1,0,2022-02-17T16:27:00Z,1,20589762,2,24,4,9,02/17,2022-02-17T16:24:00Z,24.87,56.37
763,2022-02-17T00:00:00Z,T,DW57,1.1,0.5,1,0,2022-02-17T16:38:00Z,0,20589759,2,24,4,9,02/17,2022-02-17T16:34:00Z,25.57,55.49
